,index,gesetzt,artikel,absatz,text
1036,1036,eu_land_use_change,1.0,," Die Verordnung (EU) 2018/841 wird wie folgt geändert: 1.Artikel 1 erhält folgende Fassung: „Artikel 1 Gegenstand Diese Verordnung enthält Vorschriften a) zu den Verpflichtungen der Mitgliedstaaten im Sektor Landnutzung, Landnutzungsänderungen und Forstwirtschaft, durch die dazu beigetragen wird, dass die Ziele des Übereinkommens von Paris erreicht werden und das Ziel der Union für die Verringerung der Treibhausgasemissionen im Zeitraum von 2021 bis 2025 eingehalten wird; b) zur Anrechnung und Verbuchung der Emissionen und des Abbaus von Treibhausgasen im Sektor Landnutzung, Landnutzungsänderungen und Forstwirtschaft sowie zur Überprüfung der Einhaltung der Verpflichtungen gemäß Buchstabe a durch die Mitgliedstaaten im Zeitraum von 2021 bis 2025; c) zu einem Unionsziel für den Nettoabbau von Treibhausgasen im Sektor Landnutzung, Landnutzungsänderungen und Forstwirtschaft für den Zeitraum von 2026 bis 2030; d) zu den Zielvorgaben für die Mitgliedstaaten für den Nettoabbau von Treibhausgasen im Sektor Landnutzung, Landnutzungsänderungen und Forstwirtschaft für den Zeitraum von 2026 bis 2030; e) zu den Verpflichtungen der Mitgliedstaaten, die erforderlichen Maßnahmen zu ergreifen, um bis 2035 gemeinsam Klimaneutralität in der Union im Sektor Landnutzung, Landnutzungsänderungen und Forstwirtschaft, einschließlich der Nicht-CO2-Emissionen aus der Landwirtschaft, zu erreichen.“ 2.Artikel 2 erhält folgende Fassung: „Artikel 2 Geltungsbereich (1) Diese Verordnung gilt für die Emissionen und den Abbau der in Anhang I Abschnitt A aufgeführten Treibhausgase, die nach Artikel 26 Absatz 4 der Verordnung (EU) 2018/1999 des Europäischen Parlaments und des Rates 43 gemeldet werden und die im Zeitraum von 2021 bis 2025 innerhalb der folgenden Flächenverbuchungskategorien in den Hoheitsgebieten der Mitgliedstaaten erscheinen: a) gemeldete Landnutzung: Waldfläche, die aus der Flächenart Ackerfläche, Grünland, Feuchtgebiet, Siedlung oder sonstige Fläche umgewandelt wurde (‚aufgeforstete Flächen‘); b) gemeldete Landnutzung: Ackerfläche, Grünland, Feuchtgebiet, Siedlung oder sonstige Fläche, die/das aus Waldfläche umgewandelt wurde (‚entwaldete Flächen‘); c) eine der folgenden gemeldeten Landnutzungen (‚bewirtschaftete Ackerflächen‘): i) Ackerfläche, die Ackerfläche bleibt; ii) Ackerfläche, die aus der Flächenart Grünland, Feuchtgebiet, Siedlung oder sonstige Fläche umgewandelt wurde; iii) Ackerfläche, die in die Flächenart Feuchtgebiet, Siedlung oder sonstige Fläche umgewandelt wurde; d) eine der folgenden gemeldeten Landnutzungen (‚bewirtschaftetes Grünland‘): i) Grünland, das Grünland bleibt; ii) Grünland, das aus der Flächenart Ackerfläche, Feuchtgebiet, Siedlung oder sonstige Fläche umgewandelt wurde; iii) Grünland, das in die Flächenart Feuchtgebiet, Siedlung oder sonstige Fläche umgewandelt wurde; e) gemeldete Landnutzung: Waldfläche, die Waldfläche bleibt (‚bewirtschaftete Waldflächen‘); f) bei Mitgliedstaaten, die der Kommission bis zum 31. Dezember 2020 ihre Absicht mitgeteilt haben, eine solche Landnutzung in den Geltungsbereich ihrer Verpflichtungen gemäß Artikel 4 Absatz 1 einzubeziehen, eine der folgenden gemeldeten Landnutzungen (‚bewirtschaftete Feuchtgebiete‘): — Feuchtgebiet, das Feuchtgebiet bleibt; — Feuchtgebiet, das aus der Flächenart Siedlung oder sonstige Fläche umgewandelt wurde; — Feuchtgebiet, das in die Flächenart Siedlung oder sonstige Fläche umgewandelt wurde. (2) Diese Verordnung gilt zudem für die Emissionen und den Abbau der in Anhang I Abschnitt A aufgeführten Treibhausgase, die nach Artikel 26 Absatz 4 der Verordnung (EU) 2018/1999 gemeldet werden und die im Zeitraum von 2026 bis 2030 innerhalb der folgenden Meldekategorien für Flächen und/oder Sektoren in den Hoheitsgebieten der Mitgliedstaaten erscheinen: a) Waldflächen; b) Ackerflächen; c) Grünland; d) Feuchtgebiete; e) Siedlungen; f) sonstige Flächen; g) Holzprodukte; h) Sonstige; i) atmosphärische Deposition; j) Stickstoffauswaschung und Stickstoffabfluss. (3) Diese Verordnung gilt zudem für die Emissionen und den Abbau der in Anhang I Abschnitt A aufgeführten Treibhausgase, die nach Artikel 26 Absatz 4 der Verordnung (EU) 2018/1999 gemeldet werden und die ab 2031 innerhalb einer der in Absatz 2 Buchstaben a bis j genannten Flächenkategorien und innerhalb eines der folgenden Sektoren in den Hoheitsgebieten der Mitgliedstaaten erscheinen: a) enterische Fermentation; b) Düngemanagement; c) Reisanbau; d) landwirtschaftliche Böden; e) traditionelles Abbrennen von Grasland; f) offene Verbrennung landwirtschaftlicher Rückstände; g) Kalkung; h) Harnstoffaufbringung; i) sonstige kohlenstoffhaltige Düngemittel; j) Sonstige.“ 3.Artikel 4 erhält folgende Fassung: „Artikel 4 Verpflichtungen und Zielvorgaben (1) Für den Zeitraum von 2021 bis 2025 muss jeder Mitgliedstaat unter Berücksichtigung der in den Artikeln 12, 13 und 13a vorgesehenen Flexibilitätsregelungen dafür sorgen, dass die Treibhausgasemissionen nicht den Treibhausgasabbau übersteigen, wobei dies als die Summe der Gesamtemissionen und des Gesamtabbaus in seinem Hoheitsgebiet in allen in Artikel 2 Absatz 1 genannten Flächenverbuchungskategorien zu berechnen ist. (2) Das Unionsziel für den Nettoabbau von Treibhausgasen für 2030 beläuft sich auf 310 Mio. Tonnen CO2-Äquivalent als Summe der gemäß Absatz 3 dieses Artikels festgelegten Zielvorgaben für die Mitgliedstaaten und basiert auf dem Durchschnitt der Daten aus den Treibhausgasinventaren für die Jahre 2016, 2017 und 2018. Jeder Mitgliedstaat stellt unter Berücksichtigung der Flexibilitätsregelungen gemäß den Artikeln 12, 13 und 13b sicher, dass die Summe der jährlichen Emissionen und des jährlichen Abbaus von Treibhausgasen in seinem Hoheitsgebiet in allen Meldekategorien für Flächen gemäß Artikel 2 Absatz 2 Buchstaben a bis j in keinem Jahr des Zeitraums von 2026 bis 2030 die Obergrenze überschreitet, die durch einen linearen Zielpfad festgelegt ist, welcher 2030 bei der in Anhang IIa für diesen Mitgliedstaat festgelegten Zielvorgabe endet. Der lineare Zielpfad für die Mitgliedstaaten beginnt 2022. (3) Die Kommission erlässt Durchführungsrechtsakte, um für jeden Mitgliedstaat auf der Grundlage des linearen Zielpfads für den Nettoabbau von Treibhausgasen für jedes Jahr im Zeitraum von 2026 bis 2029 die jährlichen Zielvorgaben in Tonnen CO2-Äquivalent festzulegen. Diese nationalen Zielpfade beruhen auf dem von den einzelnen Mitgliedstaaten gemeldeten Durchschnitt der Daten aus den Treibhausgasinventaren für die Jahre 2021, 2022 und 2023. Der für den Nettoabbau festgelegte Zielwert von 310 Mio. Tonnen CO2-Äquivalent, der der Summe der Zielvorgaben für die Mitgliedstaaten gemäß Anhang IIa entspricht, kann im Falle einer Änderung der Methodik durch die Mitgliedstaaten einer technischen Korrektur unterliegen. In den Durchführungsrechtsakten wird auch die Methode zur Bestimmung der technischen Korrektur festgelegt, die auf die Zielvorgaben der Mitgliedstaaten anzuwenden ist. Für die Zwecke dieser Durchführungsrechtsakte nimmt die Kommission eine umfassende Überprüfung der aktuellsten Daten aus den nationalen Inventaren für die Jahre 2021, 2022 und 2023 vor, die von den Mitgliedstaaten gemäß Artikel 26 Absatz 4 der Verordnung (EU) 2018/1999 übermittelt werden. Diese Durchführungsrechtsakte werden gemäß dem in Artikel 16a genannten Prüfverfahren erlassen. (4) Ziel ist es, die unionsweiten Nettotreibhausgasemissionen in den in Artikel 2 Absatz 3 Buchstaben a bis j genannten Sektoren bis 2035 auf null zu reduzieren und danach unionsweit negative Emissionen zu erreichen. Die Union und die Mitgliedstaaten ergreifen die erforderlichen Maßnahmen, um das Ziel für 2035 gemeinsam erreichen zu können. Die Kommission unterbreitet bis zum 31. Dezember 2025 auf der Grundlage der von jedem Mitgliedstaat gemäß Artikel 14 der Verordnung (EU) 2018/1999 bis zum 30. Juni 2024 vorzulegenden integrierten nationalen Energie- und Klimapläne Vorschläge, welchen Beitrag jeder Mitgliedstaat zur Reduzierung der Nettoemissionen leisten soll.“ 4.Artikel 6 Absätze 1 und 2 erhalten folgende Fassung: „(1) Die Mitgliedstaaten verbuchen die Emissionen und den Abbau aus aufgeforsteten Flächen und aus entwaldeten Flächen, berechnet als Gesamtemissionen und Gesamtabbau, für jedes einzelne Jahr im Zeitraum von 2021 bis 2025. (2) Wurde die Landnutzung insofern geändert, als Ackerflächen, Grünland, Feuchtgebiete, Siedlungen oder sonstige Flächen in Waldflächen umgewandelt wurden, kann ein Mitgliedstaat abweichend von Artikel 5 Absatz 3 und bis spätestens 2025 die Kategorisierung solcher Flächen, die in Waldflächen umgewandelt wurden, 30 Jahre nach dem Zeitpunkt der Umwandlung in Waldflächen, die Waldflächen bleiben, abändern, sofern diese Änderung entsprechend den IPCC-Leitlinien ordnungsgemäß begründet ist.“ 5.Artikel 7 Absätze 1, 2 und 3 erhalten folgende Fassung: „(1) Jeder Mitgliedstaat verbucht die Emissionen und den Abbau aus bewirtschafteten Ackerflächen, die sich aus der Berechnung der Emissionen und des Abbaus im Zeitraum von 2021 bis 2025 abzüglich des Produkts aus der Multiplikation der durchschnittlichen Jahresemissionen und des durchschnittlichen Jahresabbaus aus bewirtschafteten Ackerflächen in dem Mitgliedstaat im Referenzzeitraum von 2005 bis 2009 mit dem Faktor fünf ergeben. (2) Jeder Mitgliedstaat verbucht die Emissionen und den Abbau aus bewirtschaftetem Grünland, die sich aus der Berechnung der Emissionen und des Abbaus im Zeitraum von 2021 bis 2025 abzüglich des Produkts aus der Multiplikation der durchschnittlichen Jahresemissionen und des durchschnittlichen Jahresabbaus aus bewirtschaftetem Grünland in dem Mitgliedstaat im Referenzzeitraum von 2005 bis 2009 mit dem Faktor fünf ergeben. (3) Im Zeitraum von 2021 bis 2025 verbucht jeder Mitgliedstaat, der bewirtschaftete Feuchtgebiete in seine Verpflichtung einbezieht, die Emissionen und den Abbau aus bewirtschafteten Feuchtgebieten, die sich aus der Berechnung der Emissionen und des Abbaus in dem Zeitraum abzüglich des Produkts aus der Multiplikation der durchschnittlichen Jahresemissionen und des durchschnittlichen Jahresabbaus aus bewirtschafteten Feuchtgebieten in dem Mitgliedstaat im Referenzzeitraum von 2005 bis 2009 mit dem Faktor fünf ergeben.“ 6.Artikel 8 wird wie folgt geändert: a)Absatz 1 erhält folgende Fassung: „(1) Jeder Mitgliedstaat verbucht die Emissionen und den Abbau aus bewirtschafteten Waldflächen, die sich aus der Berechnung der Emissionen und des Abbaus im Zeitraum von 2021 bis 2025 abzüglich des Produkts aus der Multiplikation des Referenzwerts für Wälder des betreffenden Mitgliedstaats mit dem Faktor fünf ergeben.“ b)Absatz 3 Satz 1 erhält folgende Fassung: „Die Mitgliedstaaten legen der Kommission bis zum 31. Dezember 2018 für den Zeitraum von 2021 bis 2025 ihre nationalen Anrechnungspläne für die Forstwirtschaft einschließlich eines Vorschlags für einen Referenzwert für Wälder vor.“ c)Die Absätze 7, 8, 9 und 10 erhalten folgende Fassung: „(7) Falls erforderlich aufgrund der technischen Bewertungen und gegebenenfalls aufgrund der technischen Empfehlungen, legen die Mitgliedstaaten der Kommission ihre überarbeiteten vorgeschlagenen Referenzwerte für Wälder bis zum 31. Dezember 2019 für den Zeitraum von 2021 bis 2025 vor. Die Kommission veröffentlicht die ihr von den Mitgliedstaaten vorgelegten vorgeschlagenen Referenzwerte für Wälder. (8) Auf der Grundlage der von den Mitgliedstaaten vorgelegten vorgeschlagenen Referenzwerte für Wälder, der nach Absatz 6 des vorliegenden Artikels vorgenommenen technischen Bewertung und gegebenenfalls der gemäß Absatz 7 des vorliegenden Artikels vorgelegten überarbeiteten vorgeschlagenen Referenzwerte für Wälder erlässt die Kommission delegierte Rechtsakte gemäß Artikel 16 zur Änderung des Anhangs IV im Hinblick auf die Festlegung der Referenzwerte für Wälder, die die Mitgliedstaaten im Zeitraum von 2021 bis 2025 anwenden müssen. (9) Legt ein Mitgliedstaat der Kommission seinen Referenzwert für Wälder nicht bis zu den in Absatz 3 des vorliegenden Artikels und gegebenenfalls Absatz 7 des vorliegenden Artikels genannten Terminen vor, so erlässt die Kommission auf der Grundlage etwaiger technischer Bewertungen gemäß Absatz 6 des vorliegenden Artikels delegierte Rechtsakte gemäß Artikel 16 zur Änderung des Anhangs IV im Hinblick auf die Festlegung des Referenzwerts für Wälder, den der betreffende Mitgliedstaat im Zeitraum von 2021 bis 2025 anwenden muss. (10) Die delegierten Rechtsakte nach den Absätzen 8 und 9 werden bis zum 31. Oktober 2020 für den Zeitraum von 2021 bis 2025 erlassen.“ 7.Artikel 9 wird wie folgt geändert: a)Die Überschrift erhält folgende Fassung: „Kohlenstoffspeichernde Produkte“ b)Absatz 2 erhält folgende Fassung: „(2) Die Kommission erlässt delegierte Rechtsakte gemäß Artikel 16 zur Änderung von Absatz 1 des vorliegenden Artikels und von Anhang V durch Hinzufügung neuer Kategorien kohlenstoffspeichernder Produkte, einschließlich Holzprodukten, die Kohlenstoff binden, auf der Grundlage der IPCC-Leitlinien, die die Konferenz der Vertragsparteien des UNFCCC oder die als Tagung der Vertragsparteien des Pariser Übereinkommens dienende Konferenz der Vertragsparteien gegebenenfalls annehmen wird, mit denen die Umweltintegrität gewährleistet ist.“ 8.Artikel 10 wird wie folgt geändert: a)Absatz 1 erhält folgende Fassung: „Am Ende des Zeitraums von 2021 bis 2025 können die Mitgliedstaaten Treibhausgasemissionen infolge natürlicher Störungen, die die durchschnittlichen Emissionen infolge natürlicher Störungen im Zeitraum von 2001 bis 2020 unter Ausschluss von statistischen Ausreißern (im Folgenden „Grundbelastung“) übersteigen, von ihren Konten für aufgeforstete Flächen und für bewirtschaftete Waldflächen ausschließen. Die Grundbelastung wird nach Maßgabe dieses Artikels und des Anhangs VI berechnet.“ b)In Absatz 2 Buchstabe b wird „2030“ durch „2025“ ersetzt. 9.Artikel 11 wird wie folgt geändert: a)Die Überschrift erhält folgende Fassung: „Flexibilitätsregelung und Governance“ b)Absatz 1 erhält folgende Fassung: c)„(1) Ein Mitgliedstaat kann a) die allgemeine Flexibilitätsregelung gemäß Artikel 12 und b) zur Einhaltung der Verpflichtung gemäß Artikel 4 die Flexibilitätsregelung für bewirtschaftete Waldflächen gemäß den Artikeln 13 und 13b in Anspruch nehmen. Finnland kann zusätzlich zu den Flexibilitätsregelungen gemäß Unterabsatz 1 Buchstaben a und b einen zusätzlichen Ausgleich gemäß Artikel 13a in Anspruch nehmen.“ 10.Artikel 12 wird wie folgt geändert: a)Absatz 3 wird gestrichen. b)Folgende Absätze 5 und 6 werden angefügt: „(5) Die Mitgliedstaaten können Einnahmen aus Übertragungen gemäß Absatz 2 zur Bekämpfung des Klimawandels in der Union oder in Drittländern verwenden und unterrichten die Kommission über jede solche Maßnahme. (6) Jede Übertragung gemäß Absatz 2 kann das Ergebnis eines Projekts oder Programms zur Minderung von Treibhausgasemissionen sein, das im verkaufenden Mitgliedstaat durchgeführt und vom Empfängermitgliedstaat vergütet wird, sofern keine Doppelzählungen erfolgen und die Rückverfolgbarkeit gewährleistet ist.“ 11.Artikel 13 erhält folgende Fassung: „Artikel 13 Flexibilitätsregelung für bewirtschaftete Waldflächen (1) Übersteigen in einem Mitgliedstaat im Zeitraum von 2021 bis 2025 die Gesamtemissionen den [nach dieser Verordnung verbuchten] Abbau in den Flächenverbuchungskategorien nach Artikel 2 Absatz 1, so kann dieser Mitgliedstaat die in diesem Artikel festgelegte Flexibilitätsregelung für bewirtschaftete Waldflächen in Anspruch nehmen, um Artikel 4 Absatz 1 einzuhalten. (2) Ist das Ergebnis der Berechnung gemäß Artikel 8 Absatz 1 im Zeitraum von 2021 bis 2025 eine positive Zahl, so ist der betreffende Mitgliedstaat berechtigt, die aus der Berechnung resultierenden Emissionen auszugleichen, sofern folgende Bedingungen erfüllt sind: a) Der Mitgliedstaat hat in seine Strategie, die er gemäß Artikel 15 der Verordnung (EU) 2018/1999 vorgelegt hat, laufende oder geplante konkrete Maßnahmen zur Erhaltung oder gegebenenfalls Verbesserung von Senken und Speichern aus Wäldern aufgenommen, und b) die Gesamtemissionen in der Union übersteigen im Zeitraum von 2021 bis 2025 nicht den Gesamtabbau in den in Artikel 2 Absatz 1 der vorliegenden Verordnung genannten Flächenverbuchungskategorien. Bei der Bewertung, ob die Gesamtemissionen in der Union den Gesamtabbau übersteigen, wie in Unterabsatz 1 Buchstabe b angeführt, stellt die Kommission sicher, dass die Mitgliedstaaten Doppelzählungen vermeiden, insbesondere bei der Anwendung der Flexibilitätsregelungen gemäß Artikel 12 der vorliegenden Verordnung und Artikel 7 Absatz 1 sowie Artikel 9 Absatz 2 der Verordnung (EU) 2018/842. (3) Der Ausgleich gemäß Absatz 2 darf nur gegenüber dem Referenzwert für Waldflächen als Emissionen verbuchte Senken dieses Mitgliedstaats umfassen und darf nicht mehr als 50 % der Höchstmenge des Ausgleichs betragen, der für den betreffenden Mitgliedstaat in Anhang VII für den Zeitraum von 2021 bis 2025 festgelegt ist. (4) Die Mitgliedstaaten legen der Kommission Nachweise über die gemäß Anhang VI zu berechnenden Auswirkungen natürlicher Störungen vor, um für einen Ausgleich für verbleibende, gegenüber dem Referenzwert für Waldflächen als Emissionen verbuchte Senken infrage zu kommen, und zwar bis zur vollen Höhe des von anderen Mitgliedstaaten nicht genutzten Ausgleichs, wie er in Anhang VII für den Zeitraum von 2021 bis 2025 festgelegt ist. Liegen die nachgefragten Ausgleichsmengen über der Menge des verfügbaren nicht genutzten Ausgleichs, so wird der Ausgleich anteilig auf die betreffenden Mitgliedstaaten aufgeteilt.“ 12.Folgender Artikel 13a wird eingefügt: „Artikel 13a Zusätzlicher Ausgleich (1) Finnland darf im Zeitraum von 2021 bis 2025 maximal weitere 5 Mio. Tonnen CO2-Äquivalent an Emissionen ausgleichen, die in den Flächenverbuchungskategorien bewirtschaftete Waldflächen, entwaldete Flächen, bewirtschaftete Ackerflächen und bewirtschaftetes Grünland verbucht sind, sofern die folgenden Bedingungen erfüllt sind: a) Finnland hat in seine Strategie, die es gemäß Artikel 15 der Verordnung (EU) 2018/1999 vorgelegt hat, laufende oder geplante konkrete Maßnahmen zur Erhaltung oder gegebenenfalls Verbesserung von Senken und Speichern aus Wäldern aufgenommen; b) die Gesamtemissionen in der Union übersteigen im Zeitraum von 2021 bis 2025 nicht den Gesamtabbau in den in Artikel 2 Absatz 1 der vorliegenden Verordnung genannten Flächenverbuchungskategorien. Bei der Bewertung, ob die Gesamtemissionen in der Union den Gesamtabbau übersteigen, wie in Unterabsatz 1 Buchstabe b angeführt, stellt die Kommission sicher, dass die Mitgliedstaaten Doppelzählungen vermeiden, insbesondere bei der Anwendung der Flexibilitätsregelungen gemäß den Artikeln 12 und 13 der vorliegenden Verordnung und Artikel 7 Absatz 1 sowie Artikel 9 Absatz 2 der Verordnung (EU) 2018/842. (2) Der zusätzliche Ausgleich a) ist begrenzt auf die Menge, die über die Flexibilitätsregelung für bewirtschaftete Waldflächen hinausgeht, die Finnland im Zeitraum von 2021 bis 2025 gemäß Artikel 13 zur Verfügung steht; b) ist begrenzt auf die Emissionen, die durch die historische Umwandlung von Waldflächen in eine andere Landnutzungskategorie verursacht wurden, sofern diese Umwandlung bis spätestens 31. Dezember 2017 erfolgte; c) muss mit Artikel 4 im Einklang stehen. (3) Der zusätzliche Ausgleich darf nicht gemäß Artikel 12 der vorliegenden Verordnung oder Artikel 7 der Verordnung (EU) 2018/842 übertragen werden. (4) Werden weniger als die in Absatz 1 genannten 5 Mio. Tonnen CO2-Äquivalent als zusätzlicher Ausgleich in Anspruch genommen, so verfällt die nicht genutzte Menge. (5) Der Zentralverwalter nimmt die sich aus Absatz 2 Buchstabe a sowie Absätze 3 und 4 des vorliegenden Artikels ergebenden Einträge in dem gemäß Artikel 40 der Verordnung (EU) 2018/1999 eingerichteten Unionsregister vor.“ 13.Folgender Artikel 13b wird eingefügt: „Artikel 13b Flexibilitätsmechanismus für die Landnutzung für den Zeitraum von 2026 bis 2030 (1) Im Unionsregister gemäß Artikel 40 der Verordnung (EU) 2018/1999 wird ein Flexibilitätsmechanismus für die Landnutzung in Höhe von bis zu 178 Mio. Tonnen CO2-Äquivalent eingerichtet, sofern das Unionsziel gemäß Artikel 4 Absatz 2 erreicht wird. Der Flexibilitätsmechanismus wird zusätzlich zu den Flexibilitätsregelungen gemäß Artikel 12 bereitgestellt. (2) Ist für den Zeitraum von 2026 bis 2030 die im Einklang mit dieser Verordnung verbuchte und gemeldete Differenz zwischen der Summe der jährlichen Emissionen und des jährlichen Abbaus von Treibhausgasen im Hoheitsgebiet eines Mitgliedstaats in allen Meldekategorien für Flächen gemäß Artikel 2 Absatz 2 Buchstaben a bis j und der entsprechenden Zielvorgabe positiv, so kann dieser Mitgliedstaat die Flexibilität gemäß dem vorliegenden Artikel nutzen, um seine in Artikel 4 Absatz 2 festgelegte Zielvorgabe zu erreichen. (3) Ist das Ergebnis der Berechnung gemäß Absatz 2 im Zeitraum von 2026 bis 2030 positiv, so ist der betreffende Mitgliedstaat berechtigt, die Emissionen, die über der Zielvorgabe liegen, auszugleichen, sofern folgende Bedingungen erfüllt sind: a) Der Mitgliedstaat hat in seinen gemäß Artikel 14 der Verordnung (EU) 2018/1999 vorgelegten aktualisierten integrierten nationalen Energie- und Klimaplan laufende oder geplante konkrete Maßnahmen zur Erhaltung oder gegebenenfalls Verbesserung aller Senken und Speicher aus Flächen und zur Verringerung der Anfälligkeit der Flächen gegenüber natürlichen Störungen aufgenommen; b) der Mitgliedstaat hat alle anderen Flexibilitätsregelungen gemäß Artikel 12 der vorliegenden Verordnung und Artikel 7 Absatz 1 der Verordnung (EU) 2018/842 ausgeschöpft; c) in der Union ist für den Zeitraum von 2026 bis 2030 die Differenz zwischen der Summe der jährlichen Gesamtemissionen und des jährlichen Gesamtabbaus von Treibhausgasen in ihrem Hoheitsgebiet in allen Meldekategorien für Flächen gemäß Artikel 2 Absatz 2 Buchstaben a bis j und dem Unionsziel [Nettoabbau von 310 Mio. Tonnen CO2-Äquivalent] negativ. Im Rahmen der Bewertung, ob die Gesamtemissionen in der Union den Gesamtabbau übersteigen, wie in Unterabsatz 1 Buchstabe c angeführt, legt die Kommission auf der Grundlage der Auswirkungen von natürlichen Störungen und unter Heranziehung der von den Mitgliedstaaten gemäß Absatz 5 des vorliegenden Artikels vorgelegten Informationen fest, ob ein Nettoabbau in Höhe von 20 % einzubeziehen ist, den die Mitgliedstaaten aus dem Zeitraum von 2021 bis 2025 nicht übertragen haben. Die Kommission stellt bei dieser Bewertung auch sicher, dass die Mitgliedstaaten Doppelzählungen vermeiden, insbesondere bei der Anwendung der Flexibilitätsregelungen gemäß Artikel 12 der vorliegenden Verordnung und Artikel 7 Absatz 1 der Verordnung (EU) 2018/842. (4) Die Höhe des Ausgleichs gemäß Absatz 3 darf nur Senken umfassen, die gegenüber der in Anhang IIa der vorliegenden Verordnung festgelegten Zielvorgabe des betreffenden Mitgliedstaats als Emissionen verbucht sind, und darf nicht mehr als 50 % der Höchstmenge des Ausgleichs betragen, der für den betreffenden Mitgliedstaat in Anhang VII für den Zeitraum von 2026 bis 2030 festgelegt ist. (5) Die Mitgliedstaaten legen der Kommission Nachweise über die gemäß Anhang VI zu berechnenden Auswirkungen natürlicher Störungen vor, um für einen Ausgleich für verbleibende Senken, die gegenüber der in Anhang IIa der vorliegenden Verordnung festgelegten Zielvorgabe des betreffenden Mitgliedstaats als Emissionen verbucht sind, infrage zu kommen, und zwar bis zur vollen Höhe des von anderen Mitgliedstaaten nicht genutzten Ausgleichs, wie er in Anhang VII für den Zeitraum von 2026 bis 2030 festgelegt ist. Liegen die nachgefragten Ausgleichsmengen über der Menge des verfügbaren nicht genutzten Ausgleichs, so wird der Ausgleich anteilig auf die betreffenden Mitgliedstaaten aufgeteilt.“ 14.Folgender Artikel 13c wird eingefügt: „Artikel 13c Steuerung der Zielvorgaben Wird bei der Überprüfung im Jahr 2032 festgestellt, dass die Emissionen und der Abbau von Treibhausgasen in einem Mitgliedstaat unter Berücksichtigung der genutzten Flexibilitätsregelungen gemäß den Artikeln 12 und 13b in einem Jahr des Zeitraums von 2026 bis 2030 über den jährlichen Zielvorgaben für diesen Mitgliedstaat lagen, so findet folgende Maßnahme Anwendung: Die Menge der Nettotreibhausgasemissionen in Tonnen CO2-Äquivalent, die über der Zielvorgabe liegen, wird mit dem Faktor 1,08 multipliziert und die sich daraus ergebende Menge wird im Einklang mit den gemäß Artikel 15 erlassenen Maßnahmen zu den Treibhausgasemissionen hinzuaddiert, die der Mitgliedstaat im darauf folgenden Jahr meldet.“ 15.Artikel 14 Absatz 1 erhält folgende Fassung: „(1) Bis zum 15. März 2027 für den Zeitraum von 2021 bis 2025 und bis zum 15. März 2032 für den Zeitraum von 2026 bis 2030 legen die Mitgliedstaaten der Kommission einen Compliance-Bericht vor, der die Bilanz der Gesamtemissionen und des Gesamtabbaus für den betreffenden Zeitraum für die einzelnen in Artikel 2 Absatz 1 Buchstaben a bis f für den Zeitraum von 2021 bis 2025 spezifizierten Flächenverbuchungskategorien und in Artikel 2 Absatz 2 Buchstaben a bis j für den Zeitraum von 2026 bis 2030 spezifizierten Meldekategorien für Flächen unter Anwendung der in dieser Verordnung festgelegten Anrechnungs- und Verbuchungsvorschriften enthält. Der Compliance-Bericht enthält eine Bewertung a) der Strategien und Maßnahmen in Bezug auf Zielkonflikte; b) der Synergien zwischen Klimaschutz und Anpassung an den Klimawandel; c) der Synergien zwischen Klimaschutz und Biodiversität. Dieser Bericht enthält ferner gegebenenfalls Einzelheiten zu der Absicht, die Flexibilitätsregelungen gemäß Artikel 11 und die diesbezüglichen Mengen in Anspruch zu nehmen, oder zur tatsächlichen Inanspruchnahme der Flexibilitätsregelungen und der diesbezüglichen Mengen.“ 16.Artikel 15 Absatz 1 erhält folgende Fassung: „(1) Die Kommission erlässt gemäß Artikel 16 delegierte Rechtsakte zur Ergänzung der vorliegenden Verordnung, um die Vorschriften für die Erfassung und die ordnungsgemäße Durchführung der folgenden Vorgänge in dem gemäß Artikel 40 der Verordnung (EU) 2018/1999 eingerichteten Unionsregister festzulegen: a) Menge der Emissionen und des Abbaus in jeder Flächenverbuchungskategorie und jeder Meldekategorie für Flächen in jedem Mitgliedstaat; b) Vornahme der technischen Korrektur gemäß Artikel 4 Absatz 3 dieser Verordnung; c) Inanspruchnahme der Flexibilitätsregelungen gemäß den Artikeln 12, 13, 13a und 13b und d) Einhaltung der Zielvorgaben gemäß Artikel 13c.“ 17.Folgender Artikel 16a wird eingefügt: „Artikel 16a Ausschussverfahren (1) Die Kommission wird von dem Ausschuss für Klimaänderung, der durch Artikel 44 Absatz 3 der Verordnung (EU) 2018/1999 eingesetzt wurde, unterstützt. Dieser Ausschuss ist ein Ausschuss im Sinne der Verordnung (EU) Nr. 182/2011 des Europäischen Parlaments und des Rates 44 . (2) Wird auf diesen Absatz Bezug genommen, so gilt Artikel 5 der Verordnung (EU) Nr. 182/2011.“ 18.Artikel 17 Absatz 2 erhält folgende Fassung: „(2) Die Kommission legt dem Europäischen Parlament und dem Rat spätestens sechs Monate nach der [...] im Rahmen des Artikels 14 des Übereinkommens von Paris vereinbarten weltweiten Bestandsaufnahme einen Bericht vor über die Durchführung dieser Verordnung, gegebenenfalls einschließlich einer Bewertung der Auswirkungen der in Artikel 11 genannten Flexibilitätsregelungen, sowie zu dem Beitrag der vorliegenden Verordnung zu dem übergeordneten Ziel der Union für die Reduzierung der Treibhausgasemissionen bis 2030 sowie deren Beitrag zu den Zielen des Übereinkommens von Paris, insbesondere in Bezug auf die Notwendigkeit zusätzlicher Unionsstrategien und -maßnahmen, damit die erforderliche Steigerung der Treibhausgasemissionsreduktionen und des Abbaus von Treibhausgasen in der Union verwirklicht werden kann. Im Anschluss an den Bericht unterbreitet die Kommission Gesetzgebungsvorschläge, wenn sie dies für angemessen hält. In den Vorschlägen werden insbesondere jährliche Zielvorgaben und Governance-Maßnahmen zur Erreichung des in Artikel 4 Absatz 4 enthaltenen Ziels, bis 2035 Klimaneutralität zu erreichen, zusätzliche Strategien und Maßnahmen der Union sowie ein Rahmen für die Zeit nach 2035 festgelegt, durch die die Emissionen und der Abbau von Treibhausgasen aus weiteren Sektoren, wie Meere und Binnengewässer, in den Geltungsbereich der Verordnung aufgenommen werden.“ 19.Anhang I wird gemäß Anhang I dieser Verordnung geändert. 20.Der Wortlaut in Anhang II dieser Verordnung wird als Anhang IIa eingefügt. "
1037,1037,eu_land_use_change,2.0,," Die Verordnung (EU) 2018/1999 wird wie folgt geändert: 1.In Artikel 2 werden folgende Nummern 63 und 64 angefügt: „63. ‚geografisches Informationssystem‘ ein IT-System zur Erfassung, Speicherung, Analyse und Darstellung geografisch referenzierter Informationen; 64. ‚geodatenbasierter Antrag‘ ein elektronisches Antragsformular einschließlich einer IT-Anwendung auf der Grundlage eines geografischen Informationssystems, über das die Begünstigten die landwirtschaftlichen Parzellen des Betriebs und nichtlandwirtschaftliche Flächen, für die Zahlungen beantragt werden, raumbezogen melden können.“ 2.Artikel 4 Buchstabe a Nummer 1 Ziffer ii erhält folgende Fassung: „die Verpflichtungen und nationalen Zielvorgaben des Mitgliedstaats für den Nettoabbau von Treibhausgasen gemäß Artikel 4 Absätze 1 und 2 der Verordnung (EU) 2018/841 und seine Beiträge, durch die das Unionsziel gemäß Artikel 4 Absatz 4 der genannten Verordnung verwirklicht werden soll, die Nettotreibhausgasemissionen bis 2035 auf null zu reduzieren und danach negative Emissionen zu erreichen;“ 3.Artikel 38 wird wie folgt geändert: a)Folgender Absatz 1a wird eingefügt: „Im Jahr 2025 unterzieht die Kommission die von den Mitgliedstaaten gemäß Artikel 26 Absatz 4 der vorliegenden Verordnung übermittelten Daten aus den nationalen Inventaren einer umfassenden Überprüfung, um die jährlichen Zielvorgaben für die Reduktion der Nettotreibhausgasemissionen der Mitgliedstaaten gemäß Artikel 4 Absatz 3 der Verordnung (EU) 2018/841 und die jährlichen Emissionszuweisungen der Mitgliedstaaten gemäß Artikel 4 Absatz 3 der Verordnung (EU) 2018/842 festzulegen.“ b)In Absatz 2 erhält der einleitende Satz folgende Fassung: „Die umfassende Überprüfung nach den Absätzen 1 und 1a enthält“ c)Absatz 4 erhält folgende Fassung: „Nach Abschluss der umfassenden Überprüfung gemäß Absatz 1 bestimmt die Kommission im Wege von Durchführungsrechtsakten die Gesamtsumme der Emissionen für das betreffende Jahr, die sich aus den für jeden Mitgliedstaat vorliegenden korrigierten Inventardaten ergibt, aufgeschlüsselt nach den unter Artikel 9 der Verordnung (EU) 2018/842 fallenden Emissionsdaten und den in Anhang V Teil 1 Buchstabe c der vorliegenden Verordnung genannten Emissionsdaten, und bestimmt die Gesamtsumme der unter Artikel 4 der Verordnung (EU) 2018/841 fallenden Emissionen und des Abbaus.“ 4.Anhang V wird gemäß Anhang III dieser Verordnung geändert. "
1038,1038,eu_land_use_change,3.0,,Diese Verordnung tritt am zwanzigsten Tag nach ihrer Veröffentlichung im Amtsblatt der Europäischen Union in Kraft. Diese Verordnung ist in allen ihren Teilen verbindlich und gilt unmittelbar in jedem Mitgliedstaat. Geschehen zu Brüssel am […] 
1039,1039,eu_timber_regulation,1.0,,"GegenstandIn dieser Verordnung sind die Verpflichtungen der Marktteilnehmer, die erstmalig Holz und Holzerzeugnisse auf dem Binnenmarkt in Verkehr bringen, und die Verpflichtungen von Händlern festgelegt."
1040,1040,eu_timber_regulation,2.0,,"BegriffsbestimmungenFür die Zwecke dieser Verordnung bezeichnet der Ausdrucka)„Holz und Holzerzeugnisse“ das im Anhang genannte Holz und die im Anhang genannten Holzerzeugnisse mit Ausnahme von Holzerzeugnissen oder Bestandteilen dieser Erzeugnisse, die aus Holz oder Holzerzeugnissen hergestellt wurden, deren Lebenszyklus abgeschlossen ist und die andernfalls als Abfall im Sinne von Artikel 3 Nummer 1 der Richtlinie 2008/98/EG des Europäischen Parlaments und des Rates vom 19. November 2008 über Abfälle (8) entsorgt würden;b)„Inverkehrbringen“ jede erstmalige entgeltliche oder unentgeltliche Abgabe von Holz oder Holzerzeugnissen auf dem Binnenmarkt, unabhängig von der angewandten Verkaufstechnik, zum Vertrieb oder zur Verwendung im Rahmen einer gewerblichen Tätigkeit. Dies schließt auch die Abgabe mittels Fernkommunikationstechnik im Sinne der Richtlinie 97/7/EG des Europäischen Parlaments und des Rates vom 20. Mai 1997 über den Verbraucherschutz bei Vertragsabschlüssen im Fernabsatz (9) ein. Die Abgabe von Holzerzeugnissen auf dem Binnenmarkt, die aus bereits auf dem Binnenmarkt in Verkehr gebrachtem Holz bzw. aus bereits auf dem Binnenmarkt in Verkehr gebrachten Holzerzeugnissen gewonnen wurden, gilt nicht als „Inverkehrbringen“;c)„Marktteilnehmer“ jede natürliche oder juristische Person, die Holz oder Holzerzeugnisse in Verkehr bringt;d)„Händler“ jede natürliche oder juristische Person, die im Rahmen einer gewerblichen Tätigkeit Holz oder Holzerzeugnisse, die bereits in Verkehr gebracht sind, auf dem Binnenmarkt verkauft oder ankauft;e)„Land des Holzeinschlags“ das Land oder das Gebiet, in dem das Holz bzw. das in den Holzerzeugnissen enthaltene Holz geschlagen wurde;f)„legal geschlagen“ im Einklang mit den einschlägigen Rechtsvorschriften des Landes des Holzeinschlags geschlagen;g)„illegal geschlagen“ im Widerspruch zu den einschlägigen Rechtsvorschriften des Landes des Holzeinschlags geschlagen;h)„geltende Rechtsvorschriften“ die im Land des Holzeinschlags geltenden Vorschriften für folgende Bereiche:—Holzeinschlagsrechte in per Gesetz bekannt gegebenen abgesteckten Gebieten,—Zahlungen für Einschlagsrechte und Holz, einschließlich Gebühren im Zusammenhang mit dem Holzeinschlag,—Holzeinschlag, einschließlich umwelt- und forstrechtlicher Vorschriften einschließlich solcher zu Waldbewirtschaftung und Erhaltung der biologischen Vielfalt, soweit sie unmittelbar mit dem Holzeinschlag zusammenhängen,—Landnutzungs- und Grundbesitzrechte Dritter, die von dem Holzeinschlag berührt sind, und—Handel und Zoll, sofern der Forstsektor davon betroffen ist."
1041,1041,eu_timber_regulation,3.0,,"Status von Holz und Holzerzeugnissen, die im Rahmen von FLEGT und CITES erfasst sindHolz, das in den Holzerzeugnissen, die in den Anhängen II und III der Verordnung (EG) Nr. 2173/2005 aufgeführt sind und aus in Anhang I derselben Verordnung aufgeführten Partnerländern stammen und mit der genannten Verordnung und ihren Durchführungsbestimmungen in Einklang stehen, enthalten ist, gilt für die Zwecke dieser Verordnung als legal geschlagen.Holz der in den Anhängen A, B oder C der Verordnung (EG) Nr. 338/97 aufgeführten Baumarten, das mit der genannten Verordnung und ihren Durchführungsbestimmungen in Einklang steht, gilt für die Zwecke dieser Verordnung als legal geschlagen."
1042,1042,eu_timber_regulation,4.0,1.0,   Das Inverkehrbringen von Holz oder Holzerzeugnissen aus illegalem Einschlag ist verboten.
1043,1043,eu_timber_regulation,4.0,2.0,"   Die Marktteilnehmer lassen die gebotene Sorgfalt walten, wenn sie Holz oder Holzerzeugnisse in Verkehr bringen. Zu diesem Zweck wenden sie eine Regelung mit Verfahren und Maßnahmen (nachstehend „Sorgfaltspflichtregelung“ genannt) an, die in Artikel 6 genauer ausgeführt ist."
1044,1044,eu_timber_regulation,4.0,3.0,"   Jeder Marktteilnehmer hält die von ihm angewendete Sorgfaltspflichtregelung auf dem neuesten Stand und bewertet sie regelmäßig, es sei denn, er wendet eine Sorgfaltspflichtregelung an, die von einer Überwachungsorganisation im Sinne des Artikels 8 erstellt wurde. Nach einzelstaatlichem Recht bereits bestehende Überwachungsmechanismen sowie etwaige freiwillige Überwachungsmechanismen entlang der Lieferkette, die die Anforderungen dieser Verordnung erfüllen, können der Sorgfaltspflichtregelung zugrunde gelegt werden."
1045,1045,eu_timber_regulation,5.0,,"Verpflichtung in Bezug auf die RückverfolgbarkeitHändler müssen entlang der gesamten Lieferkette in der Lage sein, folgende Personen zu benennen:a)die Marktteilnehmer oder Händler, die das Holz bzw. die Holzerzeugnisse geliefert haben, undb)gegebenenfalls die Händler, an die sie Holz bzw. Holzerzeugnisse geliefert haben.Händler müssen die in Absatz 1 genannten Informationen mindestens fünf Jahre lang aufbewahren und den zuständigen Behörden auf deren Verlangen zur Verfügung stellen."
1046,1046,eu_timber_regulation,6.0,1.0,"   Die in Artikel 4 Absatz 2 genannte Sorgfaltspflichtregelung beinhaltet folgende Elemente:a)Maßnahmen und Verfahren, durch die Zugang zu den nachstehend aufgeführten Informationen über die Lieferung von Holz und Holzerzeugnissen durch den Marktteilnehmer, die in den Verkehr gebracht werden, bereitgestellt wird:—Beschreibung, einschließlich des Handelsnamens und der Produktart sowie des gängigen Namens der Baumart und gegebenenfalls des vollständigen wissenschaftlichen Namens,—Land des Holzeinschlags und gegebenenfallsi)Region des Landes, in der das Holz geschlagen wurde, undii)Konzession für den Holzeinschlag,—Menge (ausgedrückt in Volumen, Gewicht oder Anzahl Produkteinheiten),—Name und Anschrift des Lieferanten des Marktteilnehmers,—Name und Anschrift des Händlers, an den das Holz und die Holzerzeugnisse geliefert worden sind,—Dokumente oder andere Nachweise dafür, dass dieses Holz und diese Holzerzeugnisse den geltenden Rechtsvorschriften entsprechen;b)Risikobewertungsverfahren, mit deren Hilfe der Marktteilnehmer das Risiko, dass Holz oder Holzerzeugnisse aus illegalem Holzeinschlag in Verkehr gebracht wird bzw. werden, analysieren und bewerten kann.Diese Verfahren tragen den unter Buchstabe a genannten Informationen sowie einschlägigen Kriterien für die Risikobewertung wie den nachstehend aufgeführten Rechnung:—Zusicherung der Einhaltung der geltenden Rechtsvorschriften, beispielsweise über eine Zertifizierung oder über sonstige von Dritten überprüfte Regelungen, die die Einhaltung der geltenden Rechtsvorschriften umfassen,—Häufigkeit von illegalem Holzeinschlag bei spezifischen Baumarten,—Häufigkeit von illegalem Holzeinschlag oder illegalen Praktiken beim Holzeinschlag in dem Land und/oder in der Region des Landes, in dem/der das Holz geschlagen wurde, einschließlich Berücksichtigung der Häufigkeit von bewaffneten Konflikten,—vom Sicherheitsrat der Vereinten Nationen oder vom Rat der Europäischen Union verhängte Sanktionen für die Einfuhr oder Ausfuhr von Holz,—Komplexität der Lieferkette des Holzes und der Holzerzeugnisse;c)außer in Fällen, in denen die im Zuge der Risikobewertungsverfahren gemäß Buchstabe b ermittelten Risiken vernachlässigbar sind, Risikominderungsverfahren in Form eines Pakets geeigneter und verhältnismäßiger Maßnahmen und Verfahren, um diese Risiken auf wirksame Weise weitestgehend zu begrenzen; dabei können zusätzliche Informationen oder Dokumente und/oder eine Überprüfung durch Dritte verlangt werden."
1047,1047,eu_timber_regulation,6.0,2.0,"   Die zur einheitlichen Anwendung von Absatz 1 erforderlichen detaillierten Bestimmungen, mit Ausnahme weiterer einschlägiger Kriterien für die Risikobewertung nach Absatz 1 Buchstabe b Satz 2 dieses Artikels, werden nach dem Regelungsverfahren gemäß Artikel 18 Absatz 2 erlassen. Diese Maßnahmen werden spätestens am 3. Juni 2012 erlassen."
1048,1048,eu_timber_regulation,6.0,3.0,"   Unter Berücksichtigung der Marktentwicklungen und der bei der Durchführung dieser Verordnung — insbesondere beim Informationsaustausch nach Artikel 13 und bei der Berichterstattung nach Artikel 20 Absatz 3 — gesammelten Erfahrungen kann die Kommission zu weiteren einschlägigen Risikobewertungskriterien, die sich zur Ergänzung der in Absatz 1 Buchstabe b Satz 2 dieses Artikels genannten Kriterien möglicherweise als notwendig erweisen, delegierte Rechtsakte nach Artikel 290 AEUV erlassen, um die Wirksamkeit der Sorgfaltspflichtregelung sicherzustellen.Für die in diesem Absatz genannten delegierten Rechtsakte gelten die in den Artikeln 15, 16 und 17 dargelegten Verfahren."
1049,1049,eu_timber_regulation,7.0,1.0,"   Jeder Mitgliedstaat bezeichnet eine oder mehrere zuständige Behörden, die für die Anwendung dieser Verordnung verantwortlich sind.Die Mitgliedstaaten teilen der Kommission bis 3. Juni 2011 Namen und Anschriften der zuständigen Behörden mit. Die Mitgliedstaaten unterrichten die Kommission über etwaige Änderungen bei den Namen oder Anschriften der zuständigen Behörden."
1050,1050,eu_timber_regulation,7.0,2.0,   Die Kommission veröffentlicht — unter anderem im Internet — ein Verzeichnis der zuständigen Behörden. Dieses Verzeichnis wird regelmäßig aktualisiert.
1051,1051,eu_timber_regulation,8.0,1.0,"   Eine Überwachungsorganisation hat folgende Aufgaben:a)Sie hält eine Sorgfaltspflichtregelung gemäß Artikel 6 auf dem neuesten Stand, bewertet sie regelmäßig und erteilt Marktteilnehmern das Recht, diese Regelung anzuwenden;b)sie überprüft die ordnungsgemäße Anwendung ihrer Sorgfaltspflichtregelung durch diese Marktteilnehmer;c)sie trifft geeignete Maßnahmen, wenn ein Marktteilnehmer ihre Sorgfaltspflichtregelung nicht ordnungsgemäß anwendet, einschließlich der Unterrichtung der zuständigen Behörden im Falle eines erheblichen oder wiederholten Verstoßes des Marktteilnehmers."
1052,1052,eu_timber_regulation,8.0,2.0,"   Eine Organisation kann die Anerkennung als Überwachungsorganisation beantragen, wenn sie folgenden Anforderungen genügt:a)sie hat Rechtspersönlichkeit und ist in der Union rechtmäßig niedergelassen;b)sie hat das erforderliche Fachwissen und ist in der Lage, die Aufgaben nach Absatz 1 zu erfüllen, undc)sie gewährleistet, dass bei der Durchführung ihrer Aufgaben keine Interessenkonflikte bestehen."
1053,1053,eu_timber_regulation,8.0,3.0,"   Die Kommission erkennt nach Konsultation des betroffenen Mitgliedstaats/der betroffenen Mitgliedstaaten einen Antragsteller, der den Anforderungen nach Absatz 2 genügt, als Überwachungsorganisation an.Die Entscheidung, eine Überwachungsorganisation anzuerkennen, wird den zuständigen Behörden aller Mitgliedstaaten von der Kommission mitgeteilt."
1054,1054,eu_timber_regulation,8.0,4.0,"   Die zuständigen Behörden überprüfen im Rahmen regelmäßiger Kontrollen, dass die in ihrem Zuständigkeitsbereich tätigen Überwachungsorganisationen die Aufgaben gemäß Absatz 1 weiterhin erfüllen und den Anforderungen gemäß Absatz 2 weiterhin genügen. Kontrollen können auch vorgenommen werden, wenn der zuständigen Behörde des Mitgliedstaats einschlägige Informationen, einschließlich begründeter Bedenken Dritter, vorliegen oder wenn die Behörde Mängel bei der Durchführung einer von einer Überwachungsorganisation erstellten Sorgfaltspflichtregelung durch die Marktteilnehmer festgestellt hat. Ein Bericht über die Kontrollen ist gemäß der Richtlinie 2003/4/EG zugänglich zu machen."
1055,1055,eu_timber_regulation,8.0,5.0,"   Stellt eine zuständige Behörde fest, dass eine Überwachungsorganisation die Aufgaben gemäß Absatz 1 entweder nicht mehr erfüllt oder den Anforderungen gemäß Absatz 2 nicht mehr genügt, so unterrichtet sie unverzüglich die Kommission."
1056,1056,eu_timber_regulation,8.0,6.0,"   Die Kommission entzieht einer Überwachungsorganisation die Anerkennung, wenn sie, insbesondere anhand der nach Absatz 5 vorgelegten Informationen, festgestellt hat, dass die Überwachungsorganisation die Aufgaben gemäß Absatz 1 nicht mehr erfüllt oder den Anforderungen gemäß Absatz 2 nicht mehr genügt. Bevor sie einer Überwachungsorganisation die Anerkennung entzieht, unterrichtet die Kommission die betroffenen Mitgliedstaaten.Die Entscheidung, einer Überwachungsorganisation die Anerkennung zu entziehen, wird den zuständigen Behörden aller Mitgliedstaaten von der Kommission mitgeteilt."
1057,1057,eu_timber_regulation,8.0,7.0,"   Zur Ergänzung der Verfahrensvorschriften für die Anerkennung und den Entzug der Anerkennung von Überwachungsorganisationen und, wenn sich dies unter Berücksichtigung der gesammelten Erfahrungen als notwendig erweist, zur Änderung dieser Vorschriften, kann die Kommission delegierte Rechtsakte nach Artikel 290 AEUV erlassen, wobei sie dafür zu sorgen hat, dass die Anerkennung und der Entzug der Anerkennung auf gerechte und transparente Weise vorgenommen werden.Für die in diesem Absatz genannten delegierten Rechtsakte gelten die in den Artikeln 15, 16 und 17 niedergelegten Verfahren. Diese Rechtsakte werden bis zum 3. März 2012 erlassen."
1058,1058,eu_timber_regulation,8.0,8.0,"   Detaillierte Vorschriften über die Häufigkeit und Art der in Absatz 4 genannten Kontrollen, die zur Gewährleistung der wirksamen Aufsicht über die Überwachungsorganisationen und der einheitlichen Durchführung des genannten Absatzes erforderlich sind, werden nach dem in Artikel 18 Absatz 2 genannten Regelungsverfahren erlassen. Diese Vorschriften werden bis zum 3. Juni 2012 erlassen."
1059,1059,eu_timber_regulation,9.0,,"Verzeichnis der ÜberwachungsorganisationenDie Kommission veröffentlicht das Verzeichnis der Überwachungsorganisationen im Amtsblatt der Europäischen Union, Reihe C, und macht es auf ihrer Webseite zugänglich. Dieses Verzeichnis wird regelmäßig aktualisiert."
1060,1060,eu_timber_regulation,10.0,1.0,"   Die zuständigen Behörden führen Kontrollen durch, um zu überprüfen, ob die Marktteilnehmer die Anforderungen nach den Artikeln 4 und 6 einhalten."
1061,1061,eu_timber_regulation,10.0,2.0,"   Die in Absatz 1 genannten Kontrollen sind nach einem regelmäßig zu überprüfenden Plan und aufgrund eines risikobasierten Ansatzes vorzunehmen. Kontrollen können auch vorgenommen werden, wenn einer zuständigen Behörde einschlägige Informationen, auch solche aufgrund begründeter Bedenken Dritter, über die Einhaltung dieser Verordnung durch einen Marktteilnehmer vorliegen."
1062,1062,eu_timber_regulation,10.0,3.0,"   Die in Absatz 1 genannten Kontrollen können unter anderem Folgendes umfassen:a)eine Prüfung der Sorgfaltspflichtregelung einschließlich der Risikobewertungs- und Risikominderungsverfahren,b)eine Prüfung der Unterlagen und Aufzeichnungen, mit denen das ordnungsgemäße Funktionieren der Sorgfaltspflichtregelung und der Verfahren belegt wird,c)Stichproben, einschließlich Überprüfungen vor Ort."
1063,1063,eu_timber_regulation,10.0,4.0,"   Die Marktteilnehmer bieten jede zur Erleichterung der Durchführung der Kontrollen gemäß Absatz 1 erforderliche Hilfestellung an, insbesondere hinsichtlich des Zutritts zum Betriebsgelände und der Vorlage von Unterlagen bzw. Aufzeichnungen."
1064,1064,eu_timber_regulation,10.0,5.0,"   Wenn nach den Kontrollen gemäß Absatz 1 Mängel entdeckt wurden, kann die zuständige Behörde unbeschadet der Bestimmungen des Artikels 19 dem Marktteilnehmer Abhilfemaßnahmen vorschreiben. Zusätzlich können die Mitgliedstaaten je nach der Art der festgestellten Mängel vorläufige Sofortmaßnahmen treffen, die unter anderem Folgendes umfassen können:a)Beschlagnahme des Holzes und der Holzerzeugnisse,b)ein Verbot der Vermarktung von Holz und Holzerzeugnissen."
1065,1065,eu_timber_regulation,11.0,1.0,"   Die zuständigen Behörden führen Aufzeichnungen über die Kontrollen gemäß Artikel 10 Absatz 1, in denen insbesondere die Art und die Ergebnisse der Kontrollen sowie etwaige gemäß Artikel 10 Absatz 5 vorgeschriebene Abhilfemaßnahmen festgehalten werden. Die Aufzeichnungen über alle Kontrollen werden mindestens fünf Jahre lang aufbewahrt."
1066,1066,eu_timber_regulation,11.0,2.0,   Die in Absatz 1 genannten Informationen werden gemäß der Richtlinie 2003/4/EG zugänglich gemacht.
1067,1067,eu_timber_regulation,12.0,1.0,"   Die zuständigen Behörden arbeiten untereinander, mit den Verwaltungsbehörden von Drittländern und mit der Kommission zusammen, um die Einhaltung dieser Verordnung zu gewährleisten."
1068,1068,eu_timber_regulation,12.0,2.0,   Die zuständigen Behörden tauschen mit den zuständigen Behörden der anderen Mitgliedstaaten sowie mit der Kommission Informationen über durch die Kontrollen gemäß Artikel 8 Absatz 4 und Artikel 10 Absatz 1 festgestellte ernste Mängel und über die Art der gemäß Artikel 19 verhängten Sanktionen aus.
1069,1069,eu_timber_regulation,13.0,1.0,"   Unbeschadet der Sorgfaltspflicht der Marktteilnehmer gemäß Artikel 4 Absatz 2 können die Mitgliedstaaten, gegebenenfalls mit Unterstützung der Kommission, unter Berücksichtigung der Lage von kleinen und mittleren Unternehmen den Marktteilnehmern technische und sonstige Unterstützung und Anleitung gewähren, um die Einhaltung der Anforderungen dieser Verordnung zu erleichtern, insbesondere in Bezug auf die Einführung einer Sorgfaltspflichtregelung gemäß Artikel 6."
1070,1070,eu_timber_regulation,13.0,2.0,"   Die Mitgliedstaaten können, gegebenenfalls mit Unterstützung der Kommission, den Austausch und die Verbreitung relevanter Informationen über illegalen Holzeinschlag, insbesondere zur Unterstützung der Marktteilnehmer bei der Bewertung von Risiken im Sinne des Artikels 6 Absatz 1 Buchstabe b, und über bewährte Praktiken zur Durchführung dieser Verordnung erleichtern."
1071,1071,eu_timber_regulation,13.0,3.0,"   Die Unterstützung ist so zu gewähren, dass die Aufgaben der zuständigen Behörden nicht beeinträchtigt werden und dass ihre Unabhängigkeit bei der Durchsetzung dieser Verordnung erhalten bleibt."
1072,1072,eu_timber_regulation,14.0,,"Änderungen des AnhangsUm einerseits den Erfahrungen bei der Durchführung dieser Verordnung, insbesondere den durch die Berichterstattung nach Artikel 20 Absätze 3 und 4 und durch den in Artikel 13 genannten Informationsaustausch gesammelten, und andererseits den Entwicklungen bezüglich der technischen Merkmale, der Endverwender und der Verfahren zur Herstellung von Holz und Holzerzeugnissen Rechnung zu tragen, kann die Kommission nach Artikel 290 AEUV delegierte Rechtsakte zur Änderung und Ergänzung des Verzeichnisses der Hölzer und Holzerzeugnisse im Anhang erlassen. Durch solche Rechtsakte darf den Wirtschaftsteilnehmern keine unverhältnismäßige Belastung entstehen.Für die in diesem Absatz genannten delegierten Rechtsakte gelten die in den Artikeln 15, 16 und 17 niedergelegten Verfahren."
1073,1073,eu_timber_regulation,15.0,1.0,"   Die Befugnis zum Erlass der in Artikel 6 Absatz 3, Artikel 8 Absatz 7 und Artikel 14 genannten delegierten Rechtsakte wird der Kommission für einen Zeitraum von sieben Jahren ab dem 2. Dezember 2010 übertragen. Die Kommission legt spätestens drei Monate vor Ablauf eines Zeitraums von drei Jahren nach dem Beginn der Anwendung dieser Verordnung einen Bericht über die übertragenen Befugnisse vor. Die Befugnisübertragung verlängert sich automatisch um Zeiträume gleicher Länge, es sei denn, das Europäische Parlament oder der Rat widerrufen sie gemäß Artikel 16."
1074,1074,eu_timber_regulation,15.0,2.0,"   Sobald die Kommission einen delegierten Rechtsakt erlässt, übermittelt sie ihn gleichzeitig dem Europäischen Parlament und dem Rat."
1075,1075,eu_timber_regulation,15.0,3.0,   Die der Kommission übertragene Befugnis zum Erlass delegierter Rechtsakte unterliegt den in den Artikeln 16 und 17 festgelegten Bedingungen.
1076,1076,eu_timber_regulation,16.0,1.0,"   Die Befugnisübertragung in Artikel 6 Absatz 3, Artikel 8 Absatz 7 und Artikel 14 kann vom Europäischen Parlament oder vom Rat jederzeit widerrufen werden."
1077,1077,eu_timber_regulation,16.0,2.0,"   Das Organ, das ein internes Verfahren eingeleitet hat, um zu entscheiden, ob die Befugnisübertragung widerrufen werden soll, bemüht sich, das andere Organ und die Kommission innerhalb einer angemessenen Frist vor der endgültigen Beschlussfassung zu unterrichten, und nennt dabei die übertragenen Befugnisse, die widerrufen werden könnten, sowie die etwaigen Gründe für einen Widerruf."
1078,1078,eu_timber_regulation,16.0,3.0,"   Der Widerrufsbeschluss beendet die Übertragung der in ihm angegebenen Befugnisse. Der Beschluss wird sofort oder zu einem darin angegebenen späteren Zeitpunkt wirksam. Die Gültigkeit von delegierten Rechtsakten, die bereits in Kraft sind, wird davon nicht berührt. Der Beschluss wird im Amtsblatt der Europäischen Union veröffentlicht."
1079,1079,eu_timber_regulation,17.0,1.0,   Das Europäische Parlament oder der Rat können gegen einen delegierten Rechtsakt innerhalb einer Frist von zwei Monaten ab dem Datum der Übermittlung Einwände erheben. Auf Initiative des Europäischen Parlaments oder des Rates wird diese Frist um zwei Monate verlängert.
1080,1080,eu_timber_regulation,17.0,2.0,"   Haben bis zum Ablauf dieser Frist weder das Europäische Parlament noch der Rat Einwände gegen den delegierten Rechtsakt erhoben, so wird dieser im Amtsblatt der Europäischen Union veröffentlicht und tritt zu dem darin genannten Zeitpunkt in Kraft.Der delegierte Rechtsakt kann vor Ablauf dieser Frist im Amtsblatt der Europäischen Union veröffentlicht werden und in Kraft treten, wenn das Europäische Parlament und der Rat beide der Kommission mitgeteilt haben, dass sie nicht die Absicht haben, Einwände zu erheben."
1081,1081,eu_timber_regulation,17.0,3.0,"   Erhebt das Europäische Parlament oder der Rat Einwände gegen einen delegierten Rechtsakt, so tritt dieser nicht in Kraft. Das Organ, das Einwände vorbringt, nennt die Gründe für seine Einwände gegen den delegierten Rechtsakt."
1082,1082,eu_timber_regulation,18.0,1.0,"   Die Kommission wird von dem nach Artikel 11 der Verordnung (EG) Nr. 2173/2005 eingesetzten Ausschuss für Rechtsdurchsetzung, Politikgestaltung und Handel im Forstsektor (FLEGT) unterstützt."
1083,1083,eu_timber_regulation,18.0,2.0,"   Wird auf diesen Absatz Bezug genommen, so gelten die Artikel 5 und 7 des Beschlusses 1999/468/EG unter Beachtung von dessen Artikel 8.Der Zeitraum nach Artikel 5 Absatz 6 des Beschlusses 1999/468/EG wird auf drei Monate festgesetzt."
1084,1084,eu_timber_regulation,19.0,1.0,"   Die Mitgliedstaaten legen die Bestimmungen über Sanktionen für Verstöße gegen die Bestimmungen dieser Verordnung fest und treffen alle erforderlichen Maßnahmen, um sicherzustellen, dass diese Bestimmungen durchgeführt werden."
1085,1085,eu_timber_regulation,19.0,2.0,"   Die Sanktionen müssen wirksam und verhältnismäßig sein und abschreckend wirken; sie können unter anderem Folgendes umfassen:a)Geldstrafen, die im Verhältnis zu der Umweltschädigung, dem Wert des Holzes bzw. der Holzerzeugnisse sowie den entgangenen Steuereinnahmen und den wirtschaftlichen Verlusten aus dem Verstoß stehen; die Höhe solcher Geldstrafen wird so berechnet, dass bei den Verantwortlichen, unbeschadet des legitimen Rechts auf Berufsausübung, der wirtschaftliche Gewinn aus ihren schweren Verstößen tatsächlich abgeschöpft wird; bei wiederholten schweren Verstößen werden die Geldstrafen schrittweise angehoben;b)die Beschlagnahme des betroffenen Holzes und der betroffenen Holzerzeugnisse;c)die sofortige Aussetzung der Genehmigung, eine Handelstätigkeit auszuüben."
1086,1086,eu_timber_regulation,19.0,3.0,   Die Mitgliedstaaten teilen der Kommission diese Bestimmungen mit und bringen ihr spätere Änderungen derselben unverzüglich zur Kenntnis.
1087,1087,eu_timber_regulation,20.0,1.0,   Die Mitgliedstaaten übermitteln der Kommission bis zum 30. April jedes zweiten Jahres nach dem 3. März 2013 einen Bericht über die Anwendung dieser Verordnung in den vorangegangenen zwei Jahren.
1088,1088,eu_timber_regulation,20.0,2.0,"   Anhand dieser Berichte erstellt die Kommission einen Bericht, den sie alle zwei Jahre dem Europäischen Parlament und dem Rat unterbreitet. Bei der Ausarbeitung des Berichts berücksichtigt die Kommission den Fortschritt beim Abschluss und bei der Anwendung von FLEGT-VPA gemäß der Verordnung (EG) Nr. 2173/2005 und den Umfang, in dem diese Abkommen zur Verminderung des Volumens an Holz und Holzerzeugnissen aus illegalem Einschlag auf dem Binnenmarkt beigetragen haben."
1089,1089,eu_timber_regulation,20.0,3.0,"   Spätestens am 3. Dezember 2015 und danach alle sechs Jahre überprüft die Kommission auf der Grundlage der Berichte über die Anwendung dieser Verordnung und der dabei gesammelten Erfahrungen die Funktionsweise und die Wirksamkeit dieser Verordnung, auch in Bezug auf die Verhinderung des Inverkehrbringens von Holz und Holzerzeugnissen aus illegalem Einschlag. Sie untersucht insbesondere den Verwaltungsaufwand für kleine und mittlere Unternehmen und die erfassten Erzeugnisse. Den Berichten können erforderlichenfalls geeignete Gesetzgebungsvorschläge beigefügt werden."
1090,1090,eu_timber_regulation,20.0,4.0,"   Der erste der in Absatz 3 genannten Berichte enthält eine Bewertung der gegenwärtigen wirtschaftlichen und handelsbezogenen Lage in der Union mit Blick auf die in Kapitel 49 der Kombinierten Nomenklatur aufgeführten Erzeugnisse, wobei die Wettbewerbsfähigkeit der betroffenen Wirtschaftszweige besonders berücksichtigt wird, um zu prüfen, ob diese Erzeugnisse in das Verzeichnis der Hölzer und Holzerzeugnisse im Anhang dieser Verordnung aufgenommen werden können.Der in Unterabsatz 1 genannte Bericht enthält zudem eine Bewertung der Wirksamkeit des Verbots des Inverkehrbringens von Holz und Holzerzeugnissen aus illegalem Einschlag gemäß Artikel 4 Absatz 1 und der in Artikel 6 niedergelegten Sorgfaltspflichtregelungen."
1091,1091,eu_timber_regulation,21.0,,"Inkrafttreten und AnwendungDiese Verordnung tritt am zwanzigsten Tag nach ihrer Veröffentlichung im Amtsblatt der Europäischen Union in Kraft.Sie gilt ab 3. März 2013. Artikel 6 Absatz 2, Artikel 7 Absatz 1 sowie Artikel 8 Absätze 7 und 8 gelten jedoch ab dem 2. Dezember 2010.Diese Verordnung ist in allen ihren Teilen verbindlich und gilt unmittelbar in jedem Mitgliedstaat.Geschehen zu Straßburg am 20. Oktober 2010.Im Namen des Europäischen ParlamentsDer PräsidentJ. BUZEKIm Namen des RatesDer PräsidentO. CHASTEL(1)  ABl. C 318 vom 23.12.2009, S. 88.(2)  Standpunkt des Europäischen Parlaments vom 22. April 2009 (ABl. C 184 E vom 8.7.2010, S. 145), Standpunkt des Rates in erster Lesung vom 1. März 2010 (ABl. C 114 E vom 4.5.2010, S. 17) und Standpunkt des Europäischen Parlaments vom 7. Juli 2010 (noch nicht im Amtsblatt veröffentlicht).(3)  ABl. L 242 vom 10.9.2002, S. 1.(4)  ABl. L 347 vom 30.12.2005, S. 1.(5)  ABl. L 61 vom 3.3.1997, S. 1.(6)  ABl. L 41 vom 14.2.2003, S. 26.(7)  ABl. L 184 vom 17.7.1999, S. 23.(8)  ABl. L 312 vom 22.11.2008, S. 3.(9)  ABl. L 144 vom 4.6.1997, S. 19.ANHANGUnter die vorliegende Verordnung fallende(s) Holz und Holzerzeugnisse nach der Einreihung in die Kombinierte Nomenklatur gemäß Anhang I der Verordnung (EWG) Nr. 2658/87 des Rates (1)—4401 Brennholz in Form von Rundlingen, Scheiten, Zweigen, Reisigbündeln oder ähnlichen Formen; Holz in Form von Plättchen oder Schnitzeln; Sägespäne, Holzabfälle und Holzausschuss, auch zu Pellets, Briketts, Scheiten oder ähnlichen Formen zusammengepresst;—4403 Rohholz, auch entrindet, vom Splint befreit oder zwei- oder vierseitig grob zugerichtet;—4406 Bahnschwellen aus Holz;—4407 Holz, in der Längsrichtung gesägt oder gesäumt, gemessert oder geschält, auch gehobelt, geschliffen oder an den Enden verbunden, mit einer Dicke von mehr als 6 mm;—4408 Furnierblätter (einschließlich der durch Messern von Lagenholz gewonnenen Blätter) für Sperrholz oder ähnliches Lagenholz und anderes Holz, in der Längsrichtung gesägt, gemessert oder geschält, auch gehobelt, geschliffen, an den Kanten oder an den Enden verbunden, mit einer Dicke von 6 mm oder weniger;—4409 Holz (einschließlich Stäbe und Friese für Parkett, nicht zusammengesetzt), entlang einer oder mehrerer Kanten, Enden oder Flächen profiliert (gekehlt, genutet, gefedert, gefalzt, abgeschrägt, gefriest, gerundet oder in ähnlicher Weise bearbeitet), auch gehobelt, geschliffen oder an den Enden verbunden;—4410 Spanplatten, „oriented strand board“-Platten und ähnliche Platten (z.B. „waferboard“-Platten) aus Holz oder anderen holzigen Stoffen, auch mit Harz oder anderen organischen Bindemitteln hergestellt;—4411 Faserplatten aus Holz oder anderen holzigen Stoffen, auch mit Harz oder anderen organischen Stoffen hergestellt;—4412 Sperrholz, furniertes Holz und ähnliches Lagenholz;—4413 00 00 verdichtetes Holz in Blöcken, Platten, Brettern oder Profilen;—4414 00 Holzrahmen für Bilder, Fotografien, Spiegel oder dergleichen;—4415 Kisten, Kistchen, Verschläge, Trommeln und ähnliche Verpackungsmittel, aus Holz; Kabeltrommeln aus Holz; Flachpaletten, Boxpaletten und andere Ladungsträger, aus Holz; Palettenaufsatzwände aus Holz;(Nicht-Verpackungsmaterial, das ausschließlich als Verpackungsmaterial zum Stützen, zum Schutz oder zum Tragen eines anderen in Verkehr gebrachten Erzeugnisses verwendet wird.)—4416 00 00 Fässer, Tröge, Bottiche, Kübel und andere Böttcherwaren und Teile davon, aus Holz, einschließlich Fassstäbe;—4418 Bautischler- und Zimmermannsarbeiten, einschließlich Verbundplatten mit Hohlraum-Mittellagen, Parketttafeln, Schindeln („shingles“ und „shakes“);—Zellstoff und Papier der Kapitel 47 und 48 der Kombinierten Nomenklatur, ausgenommen Erzeugnisse auf Bambusbasis und Wiedergewinnungsprodukte (Abfälle und Ausschuss);—9403 30, 9403 40, 9403 50 00, 9403 60 und 9403 90 30 Holzmöbel;—9406 00 20 vorgefertigte Gebäude.(1)  Verordnung (EWG) Nr. 2658/87 des Rates vom 23. Juli 1987 über die zolltarifliche und statistische Nomenklatur sowie den Gemeinsamen Zolltarif (ABl. L 256 vom 7.9.1987, S. 1)."
