parameters;n_neighbors;min_dist;min_cluster;min_sample;topic_coherence;nr_topics;avg_similarity;topics
de_daten_ki_n_neighbors = 5 min_dist = 0.0 min_cluster = 10 min_sample = 2;5.0;0.0;10.0;2.0;0.3730549512019259;54.0;0.7636030984150904;"0_europäischen_europäische_kommission_eu; 1_gesundheit_versorgung_patienten_patientinnen; 2_chief_data_scientist_daten; 3_mobilität_bmvi_mobilitätsdaten_datenraum; 4_kiforschung_ki_deutsche_gemeinsam; 5_umwelt_klima_energie_ki; 6_daten_datencockpit_metadaten_handelt; 7_nationalbibliothek_deutschen_gesundheitsdaten_dashboard; 8_verbraucher_vertrauen_daten_schutz; 9_digitale_digitalen_bildungsoffensive_berufliche; 10_datenkompetenz_bmbf_toolbox_innosci; 11_versorgungsauftrag_bundesverwaltung_datenatlas_staatlichen; 12_intelligenz_künstlicher_arbeitswelt_ki; 13_mittelstand_kompetenzzentren_datentreuhandmodelle_unternehmen; 14_hochleistungsrechnen_quantencomputing_chips_high; 15_itsicherheit_sicherheit_cybersicherheit_forschungsrahmenprogramm; 16_geodaten_geoinformationen_geoportalde_geologischen; 17_bundesregierung_lernende_plattform_sozialpartnerschaftliche; 18_indikatoren_kiobservatorium_ki_arbeit; 19_bundesregierung_fachkräftestrategie_kistrategie_maßnahmen; 20_bmu_treibhausgasemissionen_trinkwasserdatenbank_lokaler; 21_menschen_digitalisierung_kulturellen_medien; 22_open_sektors_data_bereitstellung; 23_unternehmen_gwb_digitalisierungsgesetz_marktmacht; 24_wagniskapital_growth_innerbetriebliche_weiterbildungsmentorinnen; 25_wachstum_daten_stehen_nachhaltiges; 26_dateninfrastrukturen_datenökonomie_dateninfrastruktur_nachhaltige; 27_intelligenz_künstliche_enquetekommission_strategie; 28_dma_ansprüche_markets_act; 29_forschungsdaten_aktionsplan_kompetenzbildung_güter; 30_reallabore_erprobung_reallaboren_experimentierräume; 31_entscheidungen_diskriminierungen_betriebsverfassungsgesetz_betrvg; 32_kistrategie_kapitel_november_strategie; 33_cloud_wechsel_anbietern_verbraucherinnen; 34_forschungsdatenzentren_mikrodaten_prüfung_forschungsdaten; 35_hochschulbildung_qualifizierung_wahrnehmung_ki; 36_regulierungsvorhaben_bestandsanalyse_richtung_bundesministerien; 37_verwaltung_netzinfrastrukturen_sicherheit_informationssystemen; 38_bmas_bmvgbkamt_aabmi_bmelbmz; 39_anonymisierung_privatheit_anonymisierungsverfahren_siehe; 40_bmel_landwirtschaft_agrardatenplattform_agrardaten; 41_normen_standards_sicherheitsanforderungen_kianwendungen; 42_basys_bkm_förderprogramms_akte; 43_preview_aa_analyse_plain; 44_bundesbehörden_verwaltung_datenarbeit_data; 45_datenpolitik_datenstrategie_interministerielle_arbeitsgruppe; 46_euro_mrd_exist_existenzgründungen; 47_pims_management_information_personal; 48_zukunftszentren_silicon_kompetenzzentren_sele; 49_unternehmen_logistik_wettbewerb_kiexpertinnen; 50_training_synthetische_menge_offener; 51_produkt_geprüft_studie_forschungsvorhaben; 52_kitechnologien_wirtschaft_anwendungsnahe_zunehmend; 53_bürger_gesellschaftlichen_einbetten_aktiven"
de_daten_ki_n_neighbors = 5 min_dist = 0.0 min_cluster = 15 min_sample = 3;5.0;0.0;15.0;3.0;0.4001920491047174;29.0;0.7688456702935047;"0_europäischen_europäische_ki_bundesregierung; 1_unternehmen_reallabore_erprobung_bmbf; 2_daten_prüfen_forschungsdatenzentren_planung; 3_diskriminierung_ki_entscheidungen_bürger; 4_digitalen_digitale_bildung_digitalisierung; 5_open_daten_data_person; 6_ki_kiforschung_unternehmen_bundesregierung; 7_ki_bundesregierung_ländern_entwicklung; 8_gesundheit_versorgung_patienten_patientinnen; 9_verbraucher_daten_verbraucherinnen_datenschutz; 10_bundesregierung_verwaltung_ki_zukunftsfonds; 11_daten_datencockpit_metadaten_datenqualität; 12_mobilität_bmvi_mobilitätsdaten_datenraum; 13_umwelt_klima_energie_ki; 14_bmel_landwirtschaft_bmu_trinkwasserdatenbank; 15_deutschen_nationalbibliothek_gesundheitsdaten_dashboard; 16_intelligenz_künstlicher_ki_arbeitswelt; 17_quantencomputing_hochleistungsrechnen_chips_bmbf; 18_sicherheit_itsicherheit_cybersicherheit_forschungsrahmenprogramm; 19_geodaten_geoportalde_geoinformationen_bevölkerungsschutz; 20_daten_datennutzung_open_data; 21_unternehmen_daten_zugang_marktmacht; 22_wagniskapital_bundesregierung_growth_bauen; 23_dateninfrastrukturen_datenökonomie_dateninfrastruktur_nachhaltige; 24_daten_wachstum_stehen_nachhaltiges; 25_intelligenz_künstliche_enquetekommission_strategie; 26_ansprüche_dma_markets_act; 27_forschungsdaten_aktionsplan_kompetenzbildung_güter; 28_kistrategie_maßnahmen_kapitel_strategie"
de_daten_ki_n_neighbors = 5 min_dist = 0.0 min_cluster = 20 min_sample = 5;5.0;0.0;20.0;5.0;0.40358362323974656;20.0;0.750786727560656;"0_daten_data_open_chief; 1_europäischen_europäische_daten_bundesregierung; 2_unternehmen_reallabore_erprobung_bmbf; 3_bundesregierung_ki_unternehmen_wirtschaft; 4_daten_prüfen_verwaltung_planung; 5_ki_bundesregierung_kistrategie_maßnahmen; 6_ki_intelligenz_bundesregierung_künstliche; 7_ki_diskriminierung_entscheidungen_diskriminierungen; 8_daten_verbraucher_verbraucherinnen_datenschutz; 9_digitalen_digitale_bildung_digitalisierung; 10_gesundheit_versorgung_patienten_forschung; 11_mobilität_bmvi_mobilitätsdaten_datenraum; 12_anonymisierung_daten_privatheit_unternehmen; 13_umwelt_klima_energie_ki; 14_bmel_landwirtschaft_bmu_agrardatenplattform; 15_deutschen_nationalbibliothek_gesundheitsdaten_laufend; 16_quantencomputing_hochleistungsrechnen_chips_bmbf; 17_sicherheit_itsicherheit_cybersicherheit_forschungsrahmenprogramm; 18_intelligenz_künstlicher_ki_maschinen; 19_geodaten_geoinformationen_geoportalde_bevölkerungsschutz"
de_daten_ki_n_neighbors = 5 min_dist = 0.0 min_cluster = 25 min_sample = 6;5.0;0.0;25.0;6.0;0.4062814707214328;4.0;0.8017203177159006;"0_daten_ki_bundesregierung_nutzung; 1_gesundheit_daten_versorgung_forschung; 2_mobilität_bmvi_ki_mobilitätsdaten; 3_deutschen_nationalbibliothek_gesundheitsdaten_laufend"
de_daten_ki_n_neighbors = 5 min_dist = 0.0 min_cluster = 30 min_sample = 7;5.0;0.0;30.0;7.0;0.4365177574096115;3.0;0.8266270548597489;"0_daten_ki_bundesregierung_nutzung; 1_gesundheit_daten_forschung_versorgung; 2_mobilität_ki_bmvi_mobilitätsdaten"
de_daten_ki_n_neighbors = 5 min_dist = 0.1 min_cluster = 10 min_sample = 2;5.0;0.1;10.0;2.0;0.3709357021126325;45.0;0.7602998619830301;"0_europäischen_europäische_eu_daten; 1_digitalen_digitale_bmbf_bildung; 2_prüfen_daten_forschungsdatenzentren_verwaltung; 3_gesundheit_versorgung_patienten_patientinnen; 4_entscheidungen_ki_normen_nachvollziehbarkeit; 5_verbraucher_verbraucherinnen_daten_datenschutz; 6_reallabore_erprobung_reallaboren_unternehmen; 7_indikatoren_ki_kiobservatorium_arbeit; 8_umwelt_klima_energie_ki; 9_data_chief_open_scientist; 10_nationalbibliothek_deutschen_gesundheitsdaten_dashboard; 11_datenkompetenz_bmbf_toolbox_landkarte; 12_weltweit_deutsche_ki_attraktive; 13_daten_metadaten_handelt_datenqualität; 14_data_eigenen_citizen_science; 15_mobilität_bmvi_mobilitätsdaten_datenraum; 16_geodaten_geoportalde_geoinformationen_bevölkerungsschutz; 17_kompetenzzentren_mittelstand_datentreuhandmodelle_kitrainer; 18_sicherheit_cybersicherheit_itsicherheit_cybersicherheitsstrategie; 19_dateninfrastrukturen_dateninfrastruktur_datenökonomie_nachhaltige; 20_intelligenz_künstliche_enquetekommission_strategie; 21_unternehmen_daten_digitalisierungsgesetz_marktmacht; 22_bmu_treibhausgasemissionen_lokaler_notify; 23_person_synthetische_daten_natürliche; 24_intelligenz_künstlicher_künstliche_arbeitswelt; 25_wagniskapital_innerbetriebliche_growth_weiterbildungsmentorinnen; 26_datennutzung_daten_verständnis_gesellschaft; 27_raumfahrt_autonomen_umgebungen_fahrzeug; 28_verwaltung_netzinfrastrukturen_sicherheit_bundesregierung; 29_kistrategie_kapitel_november_maßnahmen; 30_bmas_bmvgbkamt_bmi_aabmi; 31_cloud_wechsel_anbietern_verbraucherinnen; 32_anonymisierung_privatheit_privacy_anonymisierungsverfahren; 33_datenpolitik_datenstrategie_interministerielle_arbeitsgruppe; 34_sozialpartnerschaftliche_verwaltung_plattform_systeme; 35_kitechnologien_wirtschaft_technologien_civic; 36_dma_ansprüche_markets_act; 37_bmel_landwirtschaft_agrardatenplattform_agrardaten; 38_wachstum_nachhaltiges_kernversprechen_chefs; 39_bundesregierung_fachkräftestrategie_kistrategie_maßnahmen; 40_kompetenzzentren_zukunftszentren_zentren_silicon; 41_startups_testfeldern_bundesregierung_einrichtung; 42_preview_aa_analyse_plain; 43_euro_mrd_verfügung_mittel; 44_tätigkeiten_menschen_vorstudie_ersetzt"
de_daten_ki_n_neighbors = 5 min_dist = 0.1 min_cluster = 15 min_sample = 3;5.0;0.1;15.0;3.0;0.39945170418914255;24.0;0.7743346939165598;"0_europäischen_europäische_daten_eu; 1_unternehmen_reallabore_erprobung_bmbf; 2_digitalen_digitale_bmbf_kompetenzen; 3_daten_person_datencockpit_datennutzung; 4_ki_bundesregierung_entwicklung_ländern; 5_daten_forschungsdatenzentren_prüfen_bundesverwaltung; 6_daten_verbraucher_verbraucherinnen_datenschutz; 7_gesundheit_versorgung_patienten_forschung; 8_ki_kiforschung_unternehmen_insbesondere; 9_ki_entscheidungen_normen_nachvollziehbarkeit; 10_bundesregierung_verwaltung_ki_öffentlichen; 11_data_chief_open_daten; 12_mobilität_bmvi_mobilitätsdaten_datenraum; 13_umwelt_klima_energie_ki; 14_bmel_landwirtschaft_bmu_trinkwasserdatenbank; 15_intelligenz_ki_arbeitswelt_künstlicher; 16_deutschen_nationalbibliothek_gesundheitsdaten_dashboard; 17_data_daten_umgang_erreichen; 18_geodaten_geoinformationen_geoportalde_bevölkerungsschutz; 19_sicherheit_cybersicherheit_itsicherheit_cybersicherheitsstrategie; 20_dateninfrastrukturen_datenökonomie_dateninfrastruktur_nachhaltige; 21_unternehmen_daten_zugang_marktmacht; 22_intelligenz_künstliche_enquetekommission_strategie; 23_bundesregierung_wagniskapital_growth_bauen"
de_daten_ki_n_neighbors = 5 min_dist = 0.1 min_cluster = 20 min_sample = 5;5.0;0.1;20.0;5.0;0.3011599863951181;3.0;0.8373021133297676;"0_daten_ki_bundesregierung_nutzung; 1_mobilität_ki_bmvi_mobilitätsdaten; 2_deutschen_nationalbibliothek_gesundheitsdaten_laufend"
de_daten_ki_n_neighbors = 5 min_dist = 0.1 min_cluster = 25 min_sample = 6;5.0;0.1;25.0;6.0;0.3011599863951181;3.0;0.8373021133297676;"0_daten_ki_bundesregierung_nutzung; 1_mobilität_ki_bmvi_mobilitätsdaten; 2_deutschen_nationalbibliothek_gesundheitsdaten_laufend"
de_daten_ki_n_neighbors = 5 min_dist = 0.1 min_cluster = 30 min_sample = 7;5.0;0.1;30.0;7.0;0.3205869060109991;2.0;0.8807186576449451;"0_daten_ki_bundesregierung_nutzung; 1_mobilität_ki_bmvi_mobilitätsdaten"
de_daten_ki_n_neighbors = 5 min_dist = 0.25 min_cluster = 10 min_sample = 2;5.0;0.25;10.0;2.0;0.37852553247099474;1.0;0.9999999999999997;1_bmas_bmi_bmwi_bmbf
de_daten_ki_n_neighbors = 5 min_dist = 0.25 min_cluster = 15 min_sample = 3;5.0;0.25;15.0;3.0;0.3626294284784392;24.0;0.741593385816476;"0_daten_prüfen_data_staatlichen; 1_unternehmen_geschäftsmodelle_erprobung_reallabore; 2_europäischen_europäische_daten_eu; 3_ki_intelligenz_bundesregierung_künstliche; 4_daten_verbraucher_schutz_verbraucherinnen; 5_gesundheit_versorgung_patienten_forschung; 6_digitalen_digitale_digitalisierung_bildung; 7_umwelt_klima_energie_landwirtschaft; 8_verwaltung_bundesregierung_ki_öffentlichen; 9_open_data_daten_datenpolitik; 10_mobilität_bmvi_mobilitätsdaten_datenraum; 11_entscheidungen_diskriminierung_diskriminierungen_ki; 12_deutschen_nationalbibliothek_gesundheitsdaten_dashboard; 13_hochleistungsrechnen_quantencomputing_chips_high; 14_geodaten_geoinformationen_geoportalde_bevölkerungsschutz; 15_indikatoren_kiobservatorium_ki_arbeit; 16_dateninfrastrukturen_datenökonomie_dateninfrastruktur_nachhaltige; 17_unternehmen_daten_zugang_marktmacht; 18_sicherheit_cybersicherheit_itsicherheit_cybersicherheitsstrategie; 19_bürger_bürgerinnen_selbstbestimmung_gesellschaftlichen; 20_intelligenz_künstlicher_künstliche_ki; 21_bmu_treibhausgasemissionen_lokaler_klimadaten; 22_cloud_wechsel_anbietern_verbraucherinnen; 23_hochschulbildung_doktoranden_ki_förderung"
de_daten_ki_n_neighbors = 5 min_dist = 0.25 min_cluster = 20 min_sample = 5;5.0;0.25;20.0;5.0;0.3800155015879985;4.0;0.8003279876420658;"0_daten_ki_bundesregierung_unternehmen; 1_gesundheit_daten_versorgung_forschung; 2_mobilität_bmvi_ki_mobilitätsdaten; 3_deutschen_nationalbibliothek_gesundheitsdaten_laufend"
de_daten_ki_n_neighbors = 5 min_dist = 0.25 min_cluster = 25 min_sample = 6;5.0;0.25;25.0;6.0;0.36961666473621846;4.0;0.8047644413341507;"0_daten_ki_bundesregierung_entwicklung; 1_gesundheit_daten_versorgung_forschung; 2_mobilität_bmvi_ki_mobilitätsdaten; 3_deutschen_nationalbibliothek_gesundheitsdaten_laufend"
de_daten_ki_n_neighbors = 5 min_dist = 0.25 min_cluster = 30 min_sample = 7;5.0;0.25;30.0;7.0;0.4196181282786456;3.0;0.8286890134939875;"0_daten_ki_bundesregierung_entwicklung; 1_gesundheit_daten_forschung_versorgung; 2_mobilität_ki_bmvi_mobilitätsdaten"
de_daten_ki_n_neighbors = 7 min_dist = 0.0 min_cluster = 10 min_sample = 2;7.0;0.0;10.0;2.0;0.36505319013663867;50.0;0.7601279071649831;"0_digitalen_digitale_digitalisierung_bildung; 1_gesundheit_versorgung_patienten_patientinnen; 2_europäischen_kommission_europäische_eu; 3_ki_indikatoren_internationalen_bundesregierung; 4_kiforschung_ki_zukunftszentren_weltweit; 5_bmbf_datenkompetenz_data_bündelt; 6_reallabore_erprobung_reallaboren_mittelstand; 7_open_datenpolitik_datenstrategie_bundesministerien; 8_daten_person_handelt_data; 9_versorgungsauftrag_prüfung_bundesverwaltung_staatlichen; 10_bundesregierung_wagniskapital_tech_growth; 11_umwelt_klima_energie_ki; 12_hochleistungsrechnen_quantencomputing_chips_high; 13_verwaltung_öffentlichen_bundesregierung_unterstützen; 14_bmel_landwirtschaft_agrardatenplattform_trinkwasserdatenbank; 15_itsicherheit_sicherheit_cybersicherheit_cybersicherheitsstrategie; 16_datennutzung_daten_bisher_bürgerfreundlichere; 17_forschungsdatenzentren_citizen_produkt_bevölkerung; 18_entscheidungen_normen_diskriminierungen_kianwendungen; 19_mobilität_bmvi_mobilitätsdaten_datenraum; 20_beschäftigtendatenschutz_vorstudie_kisysteme_auskunft; 21_geodaten_geoportalde_geoinformationen_geologischen; 22_dateninfrastruktur_gaiax_dateninfrastrukturen_gaia; 23_regulierungsvorhaben_verwaltung_datenpool_bundesbehörden; 24_gesundheitsdaten_dashboard_deutschen_codes; 25_intelligenz_künstlicher_lösung_menschlicher; 26_intelligenz_künstliche_enquetekommission_strategie; 27_dma_markets_act_inhalte; 28_raumfahrt_autonomen_komplexen_fahrzeug; 29_datenschutz_vertrauen_schutz_datensicherheit; 30_cloud_wechsel_anbietern_verbraucherinnen; 31_produktion_dienstleistung_datenpartnerschaften_forschungsprogramm; 32_unternehmen_prozent_nutzerinnen_daten; 33_europäischen_europäische_bundesregierung_kiökosystem; 34_bmas_bmvgbkamt_aabmi_bmelbmz; 35_kistrategie_maßnahmen_entwicklungen_bundesregierung; 36_chief_data_scientist_officer; 37_diskriminierung_aggregierteranonymersynthetischer_bias_inwiefern; 38_anonymisierung_privatheit_anonymisierungsverfahren_siehe; 39_qualitätsinfrastruktur_schutz_kvinfosysbund_krisenvorsorgeinformationssystem; 40_rechtsinformationen_digitaltauglichkeitscheck_rechtsinformationsportal_bundesgesetze; 41_training_synthetische_oftmals_menge; 42_preview_plain_aa_analyse; 43_barrierefreie_forschungsklauseln_umfang_unabhängige; 44_selbstbestimmung_datenschutzrechts_bürgerinnen_bürger; 45_dsgvo_datenschutzgesetze_eu_standards; 46_verbraucher_verbraucherinnen_personenbezogenen_bezogenen; 47_unternehmen_wettbewerb_kiexpertinnen_experten; 48_förderung_weiterbildung_lehre_qualifizierung; 49_echtzeit_erreichen_zeitspanne_verschärfenden"
de_daten_ki_n_neighbors = 7 min_dist = 0.0 min_cluster = 15 min_sample = 3;7.0;0.0;15.0;3.0;0.37143914845046055;27.0;0.7617113159381595;"0_ki_europäischen_bundesregierung_europäische; 1_bundesregierung_ki_kistrategie_maßnahmen; 2_kompetenzzentren_reallabore_unternehmen_mittelstand; 3_daten_verbraucher_verbraucherinnen_datenschutz; 4_daten_person_handelt_data; 5_digitalen_digitale_digitalisierung_bildung; 6_gesundheit_versorgung_patienten_forschung; 7_bmbf_data_datenkompetenz_planung; 8_open_datenpolitik_datenstrategie_data; 9_umwelt_klima_energie_ki; 10_versorgungsauftrag_bundesverwaltung_prüfung_staatlichen; 11_hochleistungsrechnen_quantencomputing_chips_high; 12_daten_unternehmen_zugangs_dma; 13_bmel_landwirtschaft_agrardatenplattform_treibhausgasemissionen; 14_entscheidungen_normen_kianwendungen_diskriminierungen; 15_sicherheit_itsicherheit_cybersicherheit_forschungsrahmenprogramm; 16_beschäftigtendatenschutz_vorstudie_kisysteme_unternehmen; 17_geodaten_geoportalde_geoinformationen_bevölkerungsschutz; 18_forschungsdatenzentren_citizen_fördern_bevölkerung; 19_mobilität_bmvi_mobilitätsdaten_datenraum; 20_dateninfrastruktur_gaiax_dateninfrastrukturen_gaia; 21_gesundheitsdaten_dashboard_deutschen_codes; 22_datennutzung_daten_bund_bürgerfreundlichere; 23_verwaltung_echtzeit_daten_bundesbehörden; 24_intelligenz_künstlicher_ki_lösung; 25_raumfahrt_autonomen_systeme_komplexen; 26_cloud_wechsel_anbietern_verbraucherinnen"
de_daten_ki_n_neighbors = 7 min_dist = 0.0 min_cluster = 20 min_sample = 5;7.0;0.0;20.0;5.0;0.3812498568317475;17.0;0.7748916665351245;"0_ki_bundesregierung_europäischen_europäische; 1_bundesregierung_ki_kistrategie_entwicklung; 2_data_daten_chief_open; 3_ki_kisysteme_sicherheit_entscheidungen; 4_kompetenzzentren_unternehmen_reallabore_mittelstand; 5_digitalen_digitale_digitalisierung_bildung; 6_landwirtschaft_bmel_daten_geodaten; 7_verbraucher_daten_verbraucherinnen_datenschutz; 8_gesundheit_versorgung_forschung_patienten; 9_daten_handelt_data_synthetische; 10_mobilität_bmvi_mobilitätsdaten_ki; 11_bmbf_data_datenkompetenz_planung; 12_umwelt_klima_energie_ki; 13_hochleistungsrechnen_quantencomputing_chips_high; 14_daten_unternehmen_zugangs_zugang; 15_dateninfrastruktur_gaiax_dateninfrastrukturen_gaia; 16_gesundheitsdaten_dashboard_deutschen_codes"
de_daten_ki_n_neighbors = 7 min_dist = 0.0 min_cluster = 25 min_sample = 6;7.0;0.0;25.0;6.0;0.38461406944852294;8.0;0.7928257852026774;"0_daten_ki_bundesregierung_data; 1_ki_bundesregierung_europäischen_daten; 2_digitalen_digitale_digitalisierung_bildung; 3_landwirtschaft_bmel_daten_geodaten; 4_hochleistungsrechnen_quantencomputing_nationale_bmbf; 5_gesundheit_versorgung_forschung_daten; 6_mobilität_bmvi_ki_mobilitätsdaten; 7_umwelt_klima_energie_ki"
de_daten_ki_n_neighbors = 7 min_dist = 0.0 min_cluster = 30 min_sample = 7;7.0;0.0;30.0;7.0;0.38461406944852294;8.0;0.7927948327432933;"0_daten_ki_bundesregierung_data; 1_ki_bundesregierung_europäischen_daten; 2_digitalen_digitale_digitalisierung_bildung; 3_landwirtschaft_bmel_daten_geodaten; 4_gesundheit_versorgung_forschung_daten; 5_hochleistungsrechnen_quantencomputing_nationale_bmbf; 6_mobilität_bmvi_ki_mobilitätsdaten; 7_umwelt_klima_energie_ki"
de_daten_ki_n_neighbors = 7 min_dist = 0.1 min_cluster = 10 min_sample = 2;7.0;0.1;10.0;2.0;0.3719272122589667;43.0;0.7623564505882204;"0_europäischen_europäische_eu_kommission; 1_digitalen_digitale_digitalisierung_bildung; 2_bmel_landwirtschaft_geodaten_länder; 3_kiforschung_ki_deutsche_unternehmen; 4_ki_indikatoren_ländern_fachkräftestrategie; 5_gesundheit_versorgung_patienten_gesundheitsversorgung; 6_versorgungsauftrag_prüfung_staatlichen_prüf; 7_open_datenpolitik_datenstrategie_bundesministerien; 8_bmbf_datenkompetenz_toolbox_forschungsdaten; 9_reallabore_erprobung_reallaboren_unternehmen; 10_verbraucher_verbraucherinnen_pims_management; 11_bundesregierung_wagniskapital_sozialpartnerschaftliche_growth; 12_umwelt_klima_energie_ki; 13_verwaltung_öffentlichen_bundesregierung_unterstützen; 14_hochleistungsrechnen_quantencomputing_chips_high; 15_vorstudie_bürger_kisysteme_beschäftigtendatenschutz; 16_intelligenz_systeme_arbeitswelt_einsatz; 17_datennutzung_daten_bisher_bürgerfreundlichere; 18_daten_handelt_data_metadaten; 19_entscheidungen_normen_diskriminierungen_transparenz; 20_mobilität_bmvi_mobilitätsdaten_datenraum; 21_itsicherheit_sicherheit_cybersicherheit_cybersicherheitsstrategie; 22_dateninfrastruktur_gaiax_dateninfrastrukturen_gaia; 23_wertschöpfung_produktion_neue_industrie; 24_gesundheitsdaten_dashboard_deutschen_codes; 25_schutz_bürgerinnen_bürger_selbstbestimmung; 26_forschungsdatenzentren_kompetenzbildung_themenoffen_forschungsdaten; 27_regulierungsvorhaben_bundesbehörden_regierungshandeln_verwaltung; 28_cloud_wechsel_anbietern_verbraucherinnen; 29_raumfahrt_autonomen_umgebungen_fahrzeug; 30_bmas_bmvgbkamt_bmi_aabmi; 31_kistrategie_maßnahmen_bundesregierung_entwicklungen; 32_dma_markets_act_inhalte; 33_daten_training_synthetische_menge; 34_unternehmen_prozent_nutzerinnen_nutzer; 35_anonymisierung_privatheit_anonymisierungsverfahren_siehe; 36_diskriminierung_aggregierteranonymersynthetischer_bias_inwiefern; 37_intelligenz_künstliche_enquetekommission_strategie; 38_chief_data_scientist_officer; 39_rechtsinformationen_bundesgesetze_rentenübersicht_rechtsinformationsportal; 40_data_citizen_lab_bevölkerung; 41_erreichen_echtzeit_zeitspanne_verschärfenden; 42_msz_quantenkommunikation_aufsichtsbehörden_kreise"
de_daten_ki_n_neighbors = 7 min_dist = 0.1 min_cluster = 15 min_sample = 3;7.0;0.1;15.0;3.0;0.35500113091079516;3.0;0.8654315269780685;"0_daten_ki_bundesregierung_nutzung; 1_mobilität_bmvi_mobilitätsdaten_datenraum; 2_raumfahrt_ki_autonomen_entwicklung"
de_daten_ki_n_neighbors = 7 min_dist = 0.1 min_cluster = 20 min_sample = 5;7.0;0.1;20.0;5.0;0.32058690601099915;2.0;0.8807153085845205;"0_daten_ki_bundesregierung_nutzung; 1_mobilität_ki_bmvi_mobilitätsdaten"
de_daten_ki_n_neighbors = 7 min_dist = 0.1 min_cluster = 25 min_sample = 6;7.0;0.1;25.0;6.0;0.32058690601099915;2.0;0.8807153085845205;"0_daten_ki_bundesregierung_nutzung; 1_mobilität_ki_bmvi_mobilitätsdaten"
de_daten_ki_n_neighbors = 7 min_dist = 0.1 min_cluster = 30 min_sample = 7;7.0;0.1;30.0;7.0;0.32058690601099915;2.0;0.8807153085845205;"0_daten_ki_bundesregierung_nutzung; 1_mobilität_ki_bmvi_mobilitätsdaten"
de_daten_ki_n_neighbors = 7 min_dist = 0.25 min_cluster = 10 min_sample = 2;7.0;0.25;10.0;2.0;0.37852553247099474;1.0;0.9999999999999997;1_bmas_bmi_bmwi_bmbf
de_daten_ki_n_neighbors = 7 min_dist = 0.25 min_cluster = 15 min_sample = 3;7.0;0.25;15.0;3.0;0.35500113091079516;3.0;0.8654364760215799;"0_daten_ki_bundesregierung_nutzung; 1_mobilität_bmvi_mobilitätsdaten_datenraum; 2_raumfahrt_ki_autonomen_entwicklung"
de_daten_ki_n_neighbors = 7 min_dist = 0.25 min_cluster = 20 min_sample = 5;7.0;0.25;20.0;5.0;0.32058690601099915;2.0;0.8806947377821233;"0_daten_ki_bundesregierung_nutzung; 1_mobilität_ki_bmvi_mobilitätsdaten"
de_daten_ki_n_neighbors = 7 min_dist = 0.25 min_cluster = 25 min_sample = 6;7.0;0.25;25.0;6.0;0.3205869060109991;2.0;0.8806708406481369;"0_daten_ki_bundesregierung_nutzung; 1_mobilität_ki_bmvi_mobilitätsdaten"
de_daten_ki_n_neighbors = 7 min_dist = 0.25 min_cluster = 30 min_sample = 7;7.0;0.25;30.0;7.0;0.3205869060109991;2.0;0.8806013449083676;"0_daten_ki_bundesregierung_nutzung; 1_mobilität_ki_bmvi_mobilitätsdaten"
de_daten_ki_n_neighbors = 10 min_dist = 0.0 min_cluster = 10 min_sample = 2;10.0;0.0;10.0;2.0;0.3900249816453091;44.0;0.75055570790622;"0_europäischen_europäische_eu_kommission; 1_deutsche_kiforschung_ki_unternehmen; 2_digitalen_digitale_bildung_digitalisierung; 3_reallabore_kompetenzzentren_erprobung_mittelstand; 4_gesundheit_versorgung_patienten_patientinnen; 5_bundesregierung_verwaltung_ki_zukunftsfonds; 6_bmbf_data_datenkompetenz_verschiedene; 7_open_datenpolitik_data_datenstrategie; 8_umwelt_klima_energie_ki; 9_daten_handelt_data_metadaten; 10_entwicklung_ländern_bundesregierung_globalen; 11_nationalbibliothek_deutschen_gesundheitsdaten_dashboard; 12_entscheidungen_normen_nachvollziehbarkeit_transparenz; 13_hochleistungsrechnen_quantencomputing_chips_high; 14_bmel_landwirtschaft_agrardatenplattform_treibhausgasemissionen; 15_verbraucher_schutz_verbraucherinnen_datenschutzrecht; 16_mobilität_bmvi_mobilitätsdaten_datenraum; 17_itsicherheit_sicherheit_cybersicherheit_forschungsrahmenprogramm; 18_chief_data_scientist_officer; 19_dateninfrastruktur_gaiax_dateninfrastrukturen_gaia; 20_intelligenz_künstlicher_lösung_systeme; 21_staatlichen_bmwi_versorgungsauftrag_möglichst; 22_bundesregierung_wagniskapital_growth_tech; 23_bundesverwaltung_datenatlas_analysieren_überprüft; 24_datenökonomie_wertschöpfung_verändern_geschäftsmodelle; 25_raumfahrt_autonomen_komplexen_systeme; 26_gesellschaftlichen_diskurs_bürger_bürgerinnen; 27_cloud_wechsel_anbietern_verbraucherinnen; 28_bmas_bmvgbkamt_bmi_aabmi; 29_portale_bisher_derzeit_kommunen; 30_indikatoren_fachkräftestrategie_kiobservatorium_arbeit; 31_geodaten_geoportalde_geologischen_bgr; 32_produktion_datentreuhandmodelle_dienstleistung_forschungsprogramm; 33_training_daten_synthetische_oftmals; 34_intelligenz_künstliche_enquetekommission_strategie; 35_regulierungsvorhaben_bestandsanalyse_verwaltung_richtung; 36_anonymisierung_privatheit_anonymisierungsverfahren_siehe; 37_echtzeit_ichtigsten_ständige_kompensiert; 38_kurse_förderung_hochschulen_weiterbildung; 39_pims_management_verbraucherinnen_information; 40_dma_markets_act_inhalte; 41_basys_eosc_interoperabilität_bkm; 42_erdbeobachtungsinformationen_eosd_earth_development; 43_euro_mrd_verfügung_mittel"
de_daten_ki_n_neighbors = 10 min_dist = 0.0 min_cluster = 15 min_sample = 3;10.0;0.0;15.0;3.0;0.39458477516463814;23.0;0.7546399215025719;"0_data_daten_open_chief; 1_bundesregierung_ki_kistrategie_maßnahmen; 2_europäischen_europäische_eu_kommission; 3_ki_kisysteme_sicherheit_entscheidungen; 4_ki_intelligenz_bundesregierung_künstliche; 5_reallabore_mittelstand_kompetenzzentren_unternehmen; 6_daten_person_handelt_data; 7_digitalen_digitale_digitalisierung_bildung; 8_gesundheit_versorgung_patienten_forschung; 9_verbraucher_verbraucherinnen_daten_nutzerinnen; 10_bmbf_datenkompetenz_data_verschiedene; 11_umwelt_klima_energie_ki; 12_deutschen_nationalbibliothek_gesundheitsdaten_dashboard; 13_hochleistungsrechnen_quantencomputing_chips_high; 14_bmel_landwirtschaft_agrardatenplattform_treibhausgasemissionen; 15_mobilität_bmvi_mobilitätsdaten_datenraum; 16_geodaten_geoportalde_geoinformationen_geologischen; 17_dateninfrastruktur_gaiax_dateninfrastrukturen_gaia; 18_intelligenz_künstlicher_ki_lösung; 19_cloud_wechsel_anbietern_verbraucherinnen; 20_barrierefreie_forschungsklauseln_rentenübersicht_digitaltauglichkeitscheck; 21_raumfahrt_autonomen_systeme_komplexen; 22_datenökonomie_wertschöpfung_neue_verändern"
de_daten_ki_n_neighbors = 10 min_dist = 0.0 min_cluster = 20 min_sample = 5;10.0;0.0;20.0;5.0;0.32058690601099915;2.0;0.8807153085845205;"0_daten_ki_bundesregierung_nutzung; 1_mobilität_ki_bmvi_mobilitätsdaten"
de_daten_ki_n_neighbors = 10 min_dist = 0.0 min_cluster = 25 min_sample = 6;10.0;0.0;25.0;6.0;0.32058690601099915;2.0;0.8807153085845205;"0_daten_ki_bundesregierung_nutzung; 1_mobilität_ki_bmvi_mobilitätsdaten"
de_daten_ki_n_neighbors = 10 min_dist = 0.0 min_cluster = 30 min_sample = 7;10.0;0.0;30.0;7.0;0.32058690601099915;2.0;0.8807153085845205;"0_daten_ki_bundesregierung_nutzung; 1_mobilität_ki_bmvi_mobilitätsdaten"
de_daten_ki_n_neighbors = 10 min_dist = 0.1 min_cluster = 10 min_sample = 2;10.0;0.1;10.0;2.0;0.37162025041701036;3.0;0.7806284158068029;"1_mobilität_bmvi_mobilitätsdaten_datenraum; 2_raumfahrt_ki_systeme_autonomen; 3_bmas_bmi_bmwi_bmbf"
de_daten_ki_n_neighbors = 10 min_dist = 0.1 min_cluster = 15 min_sample = 3;10.0;0.1;15.0;3.0;0.32058690601099915;2.0;0.8807153085845205;"0_daten_ki_bundesregierung_nutzung; 1_mobilität_ki_bmvi_mobilitätsdaten"
de_daten_ki_n_neighbors = 10 min_dist = 0.1 min_cluster = 20 min_sample = 5;10.0;0.1;20.0;5.0;0.32058690601099915;2.0;0.8807153085845205;"0_daten_ki_bundesregierung_nutzung; 1_mobilität_ki_bmvi_mobilitätsdaten"
de_daten_ki_n_neighbors = 10 min_dist = 0.1 min_cluster = 25 min_sample = 6;10.0;0.1;25.0;6.0;0.32058690601099915;2.0;0.8807153085845205;"0_daten_ki_bundesregierung_nutzung; 1_mobilität_ki_bmvi_mobilitätsdaten"
de_daten_ki_n_neighbors = 10 min_dist = 0.1 min_cluster = 30 min_sample = 7;10.0;0.1;30.0;7.0;0.32058690601099915;2.0;0.8807153085845205;"0_daten_ki_bundesregierung_nutzung; 1_mobilität_ki_bmvi_mobilitätsdaten"
de_daten_ki_n_neighbors = 10 min_dist = 0.25 min_cluster = 10 min_sample = 2;10.0;0.25;10.0;2.0;0.37852553247099474;1.0;0.9999999999999997;1_bmas_bmi_bmwi_bmbf
de_daten_ki_n_neighbors = 10 min_dist = 0.25 min_cluster = 15 min_sample = 3;10.0;0.25;15.0;3.0;0.32058690601099915;2.0;0.8807153085845205;"0_daten_ki_bundesregierung_nutzung; 1_mobilität_ki_bmvi_mobilitätsdaten"
de_daten_ki_n_neighbors = 10 min_dist = 0.25 min_cluster = 20 min_sample = 5;10.0;0.25;20.0;5.0;0.32058690601099915;2.0;0.8807153085845205;"0_daten_ki_bundesregierung_nutzung; 1_mobilität_ki_bmvi_mobilitätsdaten"
de_daten_ki_n_neighbors = 10 min_dist = 0.25 min_cluster = 25 min_sample = 6;10.0;0.25;25.0;6.0;0.32058690601099915;2.0;0.8807153085845205;"0_daten_ki_bundesregierung_nutzung; 1_mobilität_ki_bmvi_mobilitätsdaten"
de_daten_ki_n_neighbors = 10 min_dist = 0.25 min_cluster = 30 min_sample = 7;10.0;0.25;30.0;7.0;0.32058690601099915;2.0;0.8807224441874693;"0_daten_ki_bundesregierung_nutzung; 1_mobilität_ki_bmvi_mobilitätsdaten"
de_daten_ki_n_neighbors = 20 min_dist = 0.0 min_cluster = 10 min_sample = 2;20.0;0.0;10.0;2.0;0.3454319968776803;44.0;0.7622921418987983;"0_sicherheit_entscheidungen_ki_kisysteme; 1_daten_person_handelt_datennutzung; 2_mittelstand_reallabore_kompetenzzentren_unternehmen; 3_ki_kiforschung_deutsche_unternehmen; 4_digitalen_digitale_digitalisierung_bildungsoffensive; 5_gesundheit_versorgung_gesundheitsdaten_patienten; 6_data_chief_bundesministerien_scientist; 7_eu_daten_europäischer_europäische; 8_umwelt_klima_energie_ki; 9_daten_datenschutz_verbraucherinnen_pims; 10_europäischen_kommission_europäische_bundesregierung; 11_geodaten_geoportalde_geoinformationen_geologischen; 12_bundesregierung_wagniskapital_growth_unternehmen; 13_gesellschaft_kulturellen_medialen_ki; 14_hochschulen_bildungsberatung_innerbetriebliche_weiterbildungsmentorinnen; 15_mobilität_bmvi_mobilitätsdaten_datenraum; 16_dateninfrastruktur_gaiax_dateninfrastrukturen_gaia; 17_intelligenz_künstlicher_lösung_systeme; 18_bmel_landwirtschaft_agrardatenplattform_treibhausgasemissionen; 19_nationalbibliothek_deutschen_laufend_gesundheitssystems; 20_regulierungsvorhaben_echtzeit_verwaltung_bestandsanalyse; 21_cloud_eosc_european_wechsel; 22_ansprüche_dma_markets_act; 23_verwaltung_bundesregierung_testfeldern_unterstützen; 24_bmbf_datenlabor_datenkultur_innovationspolitik; 25_leitlinien_aufbau_globalen_kooperation; 26_bmwi_bmi_vgs_identifier; 27_chips_computern_ict_high; 28_bmas_bmvgbkamt_bmi_aabmi; 29_intelligenz_künstliche_enquetekommission_strategie; 30_toolbox_software_internet_anwendungsbereiche; 31_datenökonomie_interessen_institutionen_teilhabe; 32_indikatoren_kiobservatorium_arbeit_internationalen; 33_bundesverwaltung_versorgungsauftrag_staatlichen_datenatlas; 34_wachstum_quantencomputing_effizienter_initiative; 35_bevölkerung_citizen_lab_fördern; 36_kistrategie_euro_mrd_umsetzung; 37_umgebungen_fahrzeug_fahrens_raumfahrt; 38_datenaustausch_neue_datenbasierte_etablierung; 39_anonymisierung_privatheit_anonymisierungsverfahren_siehe; 40_eu_vertrauen_informationelle_dsgvo; 41_bürger_bürgerinnen_ki_eingesetzt; 42_datencockpit_herstellen_msz_quantenkommunikation; 43_verbraucher_unternehmen_prozent_daten"
de_daten_ki_n_neighbors = 20 min_dist = 0.0 min_cluster = 15 min_sample = 3;20.0;0.0;15.0;3.0;0.3719529255717395;24.0;0.7582733857266665;"0_bundesregierung_ki_kistrategie_gesellschaft; 1_ki_bundesregierung_intelligenz_künstliche; 2_daten_eu_europäischen_europäischer; 3_daten_verbraucher_verbraucherinnen_unternehmen; 4_sicherheit_ki_entscheidungen_kisysteme; 5_mittelstand_kompetenzzentren_unternehmen_reallabore; 6_digitalen_digitale_digitalisierung_bildungsoffensive; 7_bmbf_datenkompetenz_data_zivilgesellschaftliche; 8_gesundheit_versorgung_patienten_forschung; 9_daten_person_handelt_synthetische; 10_daten_bundesverwaltung_verwaltung_regulierungsvorhaben; 11_mobilität_bmvi_mobilitätsdaten_datenraum; 12_umwelt_klima_energie_ki; 13_quantencomputing_chips_hochleistungsrechnen_ict; 14_europäischen_kommission_bundesregierung_europäische; 15_geodaten_geoportalde_geoinformationen_bevölkerungsschutz; 16_hochschulen_bildungsberatung_innerbetriebliche_weiterbildungsmentorinnen; 17_dateninfrastruktur_gaiax_dateninfrastrukturen_gaia; 18_open_datenstrategie_data_bereitstellung; 19_intelligenz_künstlicher_ki_lösung; 20_bmel_landwirtschaft_agrardatenplattform_treibhausgasemissionen; 21_nationalbibliothek_deutschen_laufend_deutsche; 22_cloud_eosc_european_wechsel; 23_chief_data_scientist_bundesministerien"
de_daten_ki_n_neighbors = 20 min_dist = 0.0 min_cluster = 20 min_sample = 5;20.0;0.0;20.0;5.0;0.3615082744131387;17.0;0.7740195107514432;"0_bundesregierung_ki_kistrategie_gesellschaft; 1_europäischen_europäische_eu_bundesregierung; 2_data_daten_chief_bundesministerien; 3_ki_intelligenz_bundesregierung_künstliche; 4_daten_verbraucher_verbraucherinnen_unternehmen; 5_mittelstand_unternehmen_reallabore_kompetenzzentren; 6_ki_sicherheit_entscheidungen_kisysteme; 7_daten_person_handelt_synthetische; 8_geodaten_bmel_landwirtschaft_daten; 9_gesundheit_versorgung_forschung_patienten; 10_digitalen_digitale_digitalisierung_bildung; 11_bmbf_datenkompetenz_data_fördern; 12_mobilität_bmvi_mobilitätsdaten_ki; 13_umwelt_klima_energie_ki; 14_quantencomputing_chips_hochleistungsrechnen_daten; 15_intelligenz_künstlicher_ki_systeme; 16_dateninfrastruktur_dateninfrastrukturen_gaiax_gaia"
de_daten_ki_n_neighbors = 20 min_dist = 0.0 min_cluster = 25 min_sample = 6;20.0;0.0;25.0;6.0;0.32058690601099915;2.0;0.8807153085845205;"0_daten_ki_bundesregierung_nutzung; 1_mobilität_ki_bmvi_mobilitätsdaten"
de_daten_ki_n_neighbors = 20 min_dist = 0.0 min_cluster = 30 min_sample = 7;20.0;0.0;30.0;7.0;0.32058690601099915;2.0;0.8807153085845205;"0_daten_ki_bundesregierung_nutzung; 1_mobilität_ki_bmvi_mobilitätsdaten"
de_daten_ki_n_neighbors = 20 min_dist = 0.1 min_cluster = 10 min_sample = 2;20.0;0.1;10.0;2.0;0.37852553247099474;1.0;0.9999999999999997;1_bmas_bmi_bmwi_bmbf
de_daten_ki_n_neighbors = 20 min_dist = 0.1 min_cluster = 15 min_sample = 3;20.0;0.1;15.0;3.0;0.37580268942003464;25.0;0.7563003212465613;"0_europäischen_europäische_eu_daten; 1_bundesregierung_ki_kistrategie_unternehmen; 2_ki_bundesregierung_intelligenz_künstliche; 3_sicherheit_ki_kisysteme_entscheidungen; 4_reallabore_kompetenzzentren_unternehmen_mittelstand; 5_gesundheit_versorgung_patienten_forschung; 6_daten_datenschutz_geschützt_datensouveränität; 7_digitalen_digitale_digitalisierung_bildungsoffensive; 8_daten_person_handelt_synthetische; 9_mobilität_bmvi_mobilitätsdaten_datenraum; 10_umwelt_klima_energie_ki; 11_bmbf_datenlabor_innosci_innovationspolitik; 12_geodaten_geoinformationen_geologischen_bevölkerungsschutz; 13_gesellschaft_ki_kulturellen_medialen; 14_datenstrategie_open_data_verbessern; 15_chief_data_bundesministerien_scientist; 16_dateninfrastruktur_gaiax_dateninfrastrukturen_gaia; 17_versorgungsauftrag_bundesverwaltung_staatlichen_vgs; 18_nationalbibliothek_deutschen_laufend_deutsche; 19_intelligenz_künstlicher_ki_lösung; 20_bmel_landwirtschaft_treibhausgasemissionen_agrardatenplattform; 21_hochschulbildung_hochschulen_ki_förderung; 22_cloud_eosc_european_standards; 23_bevölkerung_datenkompetenz_citizen_fördern; 24_chips_computern_ict_high"
de_daten_ki_n_neighbors = 20 min_dist = 0.1 min_cluster = 20 min_sample = 5;20.0;0.1;20.0;5.0;0.36630327319420747;17.0;0.7700709315237361;"0_europäischen_europäische_kommission_eu; 1_bundesregierung_ki_kistrategie_unternehmen; 2_ki_intelligenz_bundesregierung_künstliche; 3_digitalen_digitale_digitalisierung_menschen; 4_sicherheit_ki_entscheidungen_normen; 5_daten_person_handelt_synthetische; 6_bmel_geodaten_landwirtschaft_daten; 7_reallabore_unternehmen_erprobung_reallaboren; 8_gesundheit_versorgung_forschung_patienten; 9_data_chief_bundesministerien_scientist; 10_daten_geschützt_schutz_dma; 11_mobilität_bmvi_mobilitätsdaten_datenraum; 12_daten_versorgungsauftrag_staatlichen_prüfen; 13_umwelt_klima_energie_ki; 14_quantencomputing_chips_hochleistungsrechnen_daten; 15_bmbf_datenlabor_internet_innosci; 16_dateninfrastruktur_gaiax_dateninfrastrukturen_gaia"
de_daten_ki_n_neighbors = 20 min_dist = 0.1 min_cluster = 25 min_sample = 6;20.0;0.1;25.0;6.0;0.377340623154014;13.0;0.7713689307066297;"0_ki_intelligenz_bundesregierung_künstliche; 1_europäischen_europäische_bundesregierung_daten; 2_data_daten_chief_bundesministerien; 3_bundesregierung_ki_kistrategie_unternehmen; 4_digitalen_digitale_digitalisierung_menschen; 5_reallabore_unternehmen_erprobung_reallaboren; 6_bmel_daten_geodaten_landwirtschaft; 7_gesundheit_versorgung_forschung_patienten; 8_daten_person_handelt_synthetische; 9_sicherheit_ki_normen_kianwendungen; 10_daten_geschützt_schutz_dma; 11_mobilität_bmvi_mobilitätsdaten_ki; 12_umwelt_klima_energie_ki"
de_daten_ki_n_neighbors = 20 min_dist = 0.1 min_cluster = 30 min_sample = 7;20.0;0.1;30.0;7.0;0.4447319309417125;5.0;0.7839335849244895;"0_daten_ki_bundesregierung_data; 1_ki_bundesregierung_intelligenz_unternehmen; 2_europäischen_europäische_daten_bundesregierung; 3_gesundheit_forschung_versorgung_daten; 4_mobilität_bmvi_ki_mobilitätsdaten"
de_daten_ki_n_neighbors = 20 min_dist = 0.25 min_cluster = 10 min_sample = 2;20.0;0.25;10.0;2.0;0.37852553247099474;1.0;0.9999999999999997;1_bmas_bmi_bmwi_bmbf
de_daten_ki_n_neighbors = 20 min_dist = 0.25 min_cluster = 15 min_sample = 3;20.0;0.25;15.0;3.0;0.38075668347995467;3.0;0.826079375834646;"0_daten_ki_bundesregierung_nutzung; 1_mobilität_bmvi_ki_mobilitätsdaten; 2_cloud_eosc_daten_european"
de_daten_ki_n_neighbors = 20 min_dist = 0.25 min_cluster = 20 min_sample = 5;20.0;0.25;20.0;5.0;0.32058690601099915;2.0;0.8799189537702647;"0_daten_ki_bundesregierung_nutzung; 1_mobilität_ki_bmvi_mobilitätsdaten"
de_daten_ki_n_neighbors = 20 min_dist = 0.25 min_cluster = 25 min_sample = 6;20.0;0.25;25.0;6.0;0.2868660450306363;2.0;0.8835592287709404;"0_daten_ki_bundesregierung_nutzung; 1_mobilität_ki_bmvi_mobilitätsdaten"
de_daten_ki_n_neighbors = 20 min_dist = 0.25 min_cluster = 30 min_sample = 7;20.0;0.25;30.0;7.0;0.2873894821061986;2.0;0.8885226428790516;"0_daten_ki_bundesregierung_nutzung; 1_mobilität_ki_bmvi_mobilitätsdaten"
