Document;Topic;Name;Top_n_words;Probability;Representative_document;model
und all das eröffnet österreich chancen für die zukunft auch und gerade in politisch  wirtschaftlich und global unsicheren zeiten chancen nützen heißt neue wege gehen;3.0;3_europäischen_eu_migration_internationaler;europäischen - eu - migration - internationaler - österreichs - einsatz - stärkung - menschenrechte - ebene - zukunft;1.0;1.0;(5.0, 0.25, 25, 6)
 offensive zur bekämpfung des missbrauchs öffentlicher versorgungsleistungen  neuformulierung und verschärfung der straftatbestände rund um organisierte schwarzarbeit  strukturierte mitwirkung der staatsanwaltschaft bei  der bekämpfung des organisierten schlepperwesens  maßnahmenpaket für die bekämpfung im bereich  der organisierten kriminalität u  a  durch härtere  strafen für hintermänner und mehr unterstützung  für betroffene mit klarer unterscheidung zwischen  opfer und täter  menschenhandel und ausbeutung  zwangsprostitution  illegales glücksspiel  präzisierung und ergänzung von straftatbeständen  zur effektiven bekämpfung des religiös motivierten  politischen extremismus politischer islam  evaluierung möglicher erschwerungsgründe für  religiös motivierten politischen extremismus  kampf gegen den antisemitismus  überarbeitung  des verbotsgesetzes  evaluierung und allfällige legistische überarbeitung des verbotsg unter dem aspekt der  inländischen gerichtsbarkeit insbesondere in  hinblick auf die äußerungsdelikte der  g und  f verbotsg und schließen weiterer lücken z  b ;2.0;2_prüfung_evaluierung_schaffung_stärkung;prüfung - evaluierung - schaffung - stärkung - berücksichtigung - möglichkeit - bekämpfung - weiterentwicklung - rahmen - sicherheit;1.0;1.0;(5.0, 0.25, 25, 6)
zusätzlich sehen wir es als zentrale aufgabe auf die veränderten rahmenbedingungen durch die fortschreitende  digitalisierung und globalisierung zu reagieren digitale  technologien verändern die art und weise wie inhalte  produziert verbreitet und konsumiert werden das birgt  chancen aber auch große herausforderungen die völlig  neue antworten und ansätze erfordern;4.0;4_digitale_digitalisierung_digitalen_verwaltung;digitale - digitalisierung - digitalen - verwaltung - berücksichtigung - daten - bürgerinnen - bereich - unternehmen - ermöglichen;1.0;1.0;(5.0, 0.25, 25, 6)
die schaffung von kostenwahrheit für den ausstoß von  coemissionen geht hand in hand mit der schaffung  von wahlmöglichkeiten einer sozialen abfederung der  berücksichtigung von regionalen unterschieden und der  schaffung von umstiegsmöglichkeiten für unternehmen;5.0;5_bekennt_gemeinsame_menschen_verantwortung;bekennt - gemeinsame - menschen - verantwortung - arbeit - gemeinden - schaffung - ziel - verwaltung - behinderung;1.0;1.0;(5.0, 0.25, 25, 6)
 enge abstimmung mit anderen politischen  zielsetzungen wie etwa der ftistrategie der  klima und energiepolitik der arbeitsmarktpolitischen zielsetzung und der bildungspolitik  auf stärken bauen bestehende stärken wie z  b ;0.0;0_klimaschutz_maßnahmen_umsetzung_wirtschaft;klimaschutz - maßnahmen - umsetzung - wirtschaft - ebene - europäischer - ziel - green - landwirtschaft - erhöhung;1.0;1.0;(5.0, 0.25, 25, 6)
 das ausmaß des unterstützungsvolumens orientiert  sich am ausbaufahrplan im jährigen mittel darf  dabei ein jahresmaximum von  milliarde euro nicht  überschritten werden innovative sonderprogramme  im klima und energiefonds bleiben möglich;0.0;0_klimaschutz_maßnahmen_umsetzung_wirtschaft;klimaschutz - maßnahmen - umsetzung - wirtschaft - ebene - europäischer - ziel - green - landwirtschaft - erhöhung;1.0;1.0;(5.0, 0.25, 25, 6)
ziel ist die steuerung bündelung und koordination  von tariflichen und vertrieblichen innovationen im  öffentlichen verkehr;7.0;7_verkehr_öffentlichen_einsatz_ausbau;verkehr - öffentlichen - einsatz - ausbau - prüfung - luftfahrt - bahn - verkehrs - schiene - mobilität;1.0;1.0;(5.0, 0.25, 25, 6)
 flexible nachfrageorientierte mobilitätsangebote  als ergänzung zu bahn und kraftfahrlinien auf der  letzten meile  mikroöv  absicherung gemeinwohlorientierter mobilitätsdienste dorfbus anrufsammeltaxis etc durch  klare und stabile rahmenbedingungen   bundesweiter ausbau von den öv ergänzenden  parkride bikeride und carsharinglösungen an bahnhöfen in abhängigkeit von der verfügbarkeit attraktiver zubringerdienste um die  angebote des öffentlichen verkehrs für pendlerinnen und pendler zu erweitern und aufzuwerten dafür notwendig ist auch folgendes   neuordnung parkrideregelungen öbb mit  gemeinden und ländern sowie einheitliche  bewirtschaftungs und betriebskriterien von  parkride bikeride und sharingangeboten  bekenntnis zum regionalen schienengebundenen verkehr bzw zu kostengünstigeren  alternativen des öffentlichen verkehrs  ondemandlösungen busse etc  zusammenarbeit mit dem tourismus um  auch dort die sogenannte last mile mittels  öffentlicher verkehrsmittel zu ermöglichen   bahn im fernverkehr zur attraktiven alternative  machen  prüfung der ausweitung des angebots an autoreisezügen wie beispielsweise wieninnsbruck feldkirch berücksichtigung von emobilität  durch lademöglichkeiten auf dem zug  ausbau des nachtzugangebots im fernverkehr innerösterreichisch und zu internationalen  destinationen  verbesserung der fahrradmitnahme im fernverkehr verkehrssicherheit  novelle der straßenverkehrsordnung   evaluierung der stvo auf benachteiligungen des  radfahrens und zufußgehens   abbau von rechtlichen barrieren zum wohle des  sicheren radfahrens sowie zufußgehens  ermöglichung von temporeduktionen in ortskernen und vor schulen sowie an unfallhäufungsstellen auch auf landesstraßen  stärkung des rücksichtnahmeprinzips in der stvo rettungsgasse klarstellung des begriffs stocken  des verkehrs in der stvo etwa durch konkrete  geschwindigkeitsangabe  klarstellung höchstgeschwindigkeit  kmh in  begegnungszonen  verbesserungen der lkwsicherheit   verstärkter fokus auf lkwsicherheit im verkehrssicherheitsbeirat   vertiefende ausbildung der lkwfahrerinnen  und fahrer im rahmen der berufskraftfahreraus und weiterbildung hinsichtlich verkehrssicherheit und toter winkel   bewusstseinsbildungsmaßnahmen für  besonders gefährdete gruppen von verkehrsteilnehmerinnen und teilnehmern betreffend  toter winkel  prüfung einer förderung für nachrüstung von  abbiegeassistenten  ausstattung von asfinagparkplätzen mit  einrichtungen zur korrekten ausrichtung der  spiegel von lkws sowie kontaktaufnahme und  gemeinsame evaluierung mit den mineralölfirmen ob die einrichtung solcher plätze auch bei  tankstellen möglich ist  adäquate personelle ausstattung der exekutive  für ein dichtes kontrollnetz bezüglich arbeitsrechtlicher technischer und rechtlicher belange  unter zumutbarer zeitlicher beeinträchtigung der  beamtshandelten  einführung einer verpflichtenden verkehrserziehung  inklusive einheitlicher unterrichtsmaterialen sowie  verpflichtende erstehilfekurse in allen schulen  verstärktes angebot von fort und weiterbildung  für führerscheinbesitzerinnen und besitzer um  aktuelles wissen und bewusstsein technischer und  rechtlicher neuerungen zu gewährleisten evaluierung des alkolocksystems nach ablauf der  fünfjahresfrist versuchsbeginn am  september    effektives einschreiten gegen lenkerinnen und  lenker die sich auf grund von verbotenem suchtgiftkonsum alkoholkonsum sowie des konsums von  nicht fachärztlich verschriebenen psychotropen  stoffen in einem fahruntauglichen zustand befinden  ausarbeitung eines verkehrssicherheitsprogramms  ff mit annäherung an vision zero  evaluierung und novelle der offroadvo und des  kfg in bezug auf den missbräuchlichen einsatz von  traktoren effiziente emobilität jetzt   schienen in die zukunft und mehr  bahn bim  bus  bus bahn  co  innovativ aufeinander abgestimmt benutzerfreundlich  etablierung einer gemeinsamen bestellorganisation  die als servicestelle für den bund die bundesländer  und die verkehrsbünde zur verfügung steht um  synergien zu nutzen und beschaffungskosten zu  minimieren sowie zu einer abgestimmten planung  von bahn und busverkehrsausschreibungen zu  kommen  schaffung einer nationalen buchungsplattform mit  transparenten tarifen inkl vereinheitlichung des  ticketing im öffentlichen verkehr möglichkeit mit  einem ticket mehrere verkehrsdienstleister  von  mikroöv bis schienenfernverkehr zu nutzen um  die kundenzufriedenheit zu steigern sollen die tarif  und automatensysteme harmonisiert werden  vereinheitlichung der wichtigsten tarifnebenbestimmungen und mehr vernetzung bei fahrplangestaltung  fahrgastrechte absichern und ausbauen mitwirkungspflicht für unternehmen an schlichtungsverfahren beibehalten prüfung einbezug einzeltickets  spnv  breitbandausbau entlang pendlerstrecken   bahninfrastruktur plus   evaluierung überarbeitung und ggf aufstockung des öbbrahmenplans   um die fertigstellung des zielnetzes  zu  beschleunigen und dringliche nahverkehrsprojekte in ballungsräumen rasch zu starten   entsprechend der zielrichtung des nekp erfolgt  ausgehend vom basisjahr  im gültigen  rahmenplan  eine investitionssteigerung von    p ro jahr inklusive vorausvalorisierung von    ;7.0;7_verkehr_öffentlichen_einsatz_ausbau;verkehr - öffentlichen - einsatz - ausbau - prüfung - luftfahrt - bahn - verkehrs - schiene - mobilität;1.0;1.0;(5.0, 0.25, 25, 6)
technische innovationen insbesondere betreffend ökoeffizienzsteigerung und nutzung von  seilbahnen als verkehrsmittel werden begrüßt;7.0;7_verkehr_öffentlichen_einsatz_ausbau;verkehr - öffentlichen - einsatz - ausbau - prüfung - luftfahrt - bahn - verkehrs - schiene - mobilität;1.0;1.0;(5.0, 0.25, 25, 6)
 regionale züchtung und saatgutproduktion  zur reduktion des pflanzenschutzmitteleinsatzes und zur stärkung der wertschöpfung der  betriebe vorantreiben  bürokratieabbau und effektivität im bereich lebensmittelsicherheit und veterinärwesen  mehrgleisigkeiten bei kontrollen vermeiden  entwicklung eines kontrollinformationssystems  vom betriebsmittel bis zum lebensmittel  effektive zusammenarbeit der zuständigen  behörden stärken die digitalisierung steigert die  ressourceneffizienz und verbessert  den umweltschutz  ausarbeitung und umsetzung einer digitalisierungsstrategie in der landwirtschaft im einklang mit den  zielen der gapstrategie  finanzielle unterstützung zur forcierung der  digitalisierung von zukunftsorientierten automationsunterstützten methoden und des datenmanagements in der österreichischen land und  forstwirtschaft  rechtliche absicherung der nutzung von farmmanagement und informationssystemen in der  land und forstwirtschaft z  b  datenkompatibilität  und datenportabilität  voraussetzung für precision farming schaffen um  umwelt und tiergerechte bewirtschaftungsmethoden zu unterstützen kostenfreie bereitstellung von  geodaten für die land und forstwirtschaft z  b ;4.0;4_digitale_digitalisierung_digitalen_verwaltung;digitale - digitalisierung - digitalen - verwaltung - berücksichtigung - daten - bürgerinnen - bereich - unternehmen - ermöglichen;1.0;1.0;(5.0, 0.25, 25, 6)
 klimaschutzgrüne diplomatie für eine le  b ens  w erte  zukunftwelt   signifikante erhöhung des österreichischen beitrags zum greenclimatefund zusage an un   einführung einer klimabotschafterin bzw eines  klimabotschafters und erstellung eines konzepts  für grüne diplomatie  unterstützung des un global compact corporate sustainability initiative  österreich wird der international renew  a ble  energy agency irena beitreten um seine position als international energy hub auszubauen;0.0;0_klimaschutz_maßnahmen_umsetzung_wirtschaft;klimaschutz - maßnahmen - umsetzung - wirtschaft - ebene - europäischer - ziel - green - landwirtschaft - erhöhung;1.0;1.0;(5.0, 0.25, 25, 6)
 besondere bedeutung kommt dabei der wiederherstellung der seit abgabe der streitbeilegungserklärung  verloren gegangenen  zuständigkeiten zu sofern die einschränkungen  nicht auf unionsrecht zurückzuführen sind;5.0;5_bekennt_gemeinsame_menschen_verantwortung;bekennt - gemeinsame - menschen - verantwortung - arbeit - gemeinden - schaffung - ziel - verwaltung - behinderung;1.0;1.0;(5.0, 0.25, 25, 6)
rechte  erarbeitung und beschluss eines nationalen  aktionsplans für menschenrechte in österreich;3.0;3_europäischen_eu_migration_internationaler;europäischen - eu - migration - internationaler - österreichs - einsatz - stärkung - menschenrechte - ebene - zukunft;1.0;1.0;(5.0, 0.25, 25, 6)
 illegales glücksspiel prüfung bestehender gesetzlicher regelungen unter besonderer berücksichtigung  des beschlusses der landeshauptleutekonferenz  vom   illegales glücksspiel ist teil der organisierten  kriminalität daher implementierung im  a  stgb kriminelle organisation prüfung einer schaffung notwendiger gesetzlicher  grundlagen für die konsequente verfolgung des  internationalen drogenhandels auf dem postweg  österreich bekämpft die umweltkriminalität   umsetzung des europäischen aktionsplans  gegen umweltkriminalität und umsetzung der  darin enthaltenen empfehlungen zur verstärkung  der bekämpfung der umweltkriminalität in  österreich  darauf aufbauend erarbeitung einer österreichischen strategie auf basis des europäischen  aktionsplans  mehr sensibilisierungsmaßnahmen im privaten  bereich   massive verstärkung der kontrollen  einführung von härteren strafen für umweltsünderinnen und sünder durch eine reduktion der  schwellenwerte für die straffälligkeit  schaffung einer eigenen ganzheitlichen sicherheitsstrategie sicherheit und sport des bmi um die  sicherheit bei sportveranstaltungen gewährleisten  zu können  ratifizierung des übereinkommens des europarates über einen ganzheitlichen ansatz für sicherheit schutz und dienstleistungen bei fußballspielen und anderen sportveranstaltungen   verstärkte maßnahmen im bereich doping  wettbetrug und korruption im sport  weiterentwicklung des spitzensportprogramms  des bmi  die internetkriminalität ist im vergleich des ersten  halbjahres  rd  delikte zu  rd;2.0;2_prüfung_evaluierung_schaffung_stärkung;prüfung - evaluierung - schaffung - stärkung - berücksichtigung - möglichkeit - bekämpfung - weiterentwicklung - rahmen - sicherheit;1.0;1.0;(5.0, 0.25, 25, 6)
 delikte stark gestiegen weiters entstehen  auch neue kriminalitätsphänomene insbesondere im  cyberbereich und bedürfen deshalb einer raschen  und dynamischen reaktion zur aufklärung und  bekämpfung dieser deliktsfelder;2.0;2_prüfung_evaluierung_schaffung_stärkung;prüfung - evaluierung - schaffung - stärkung - berücksichtigung - möglichkeit - bekämpfung - weiterentwicklung - rahmen - sicherheit;1.0;1.0;(5.0, 0.25, 25, 6)
 der zweckzuschuss in der avereinbarung in  der elementarpädagogik wird ab dem kindergartenjahr  wesentlich erhöht;1.0;1_schulen_weiterentwicklung_pädagogen_hochschulen;schulen - weiterentwicklung - pädagogen - hochschulen - pädagogischen - schülerinnen - evaluierung - ausbau - elementarpädagogik - bereich;1.0;1.0;(5.0, 0.25, 25, 6)
eine besondere form der pflege stellt die palliativ und  hospizpflege dar diese versucht menschen mit unheilbaren krankheiten ein lebensende in würde zu ermöglichen diese form der pflege hat in österreich oftmals  durch das engagement von vielen freiwilligen funktioniert;6.0;6_pflege_familien_menschen_maßnahmen;pflege - familien - menschen - maßnahmen - kinder - versorgung - ausbau - betreuung - pflegende - angehörige;1.0;1.0;(5.0, 0.25, 25, 6)
 unterstützung von kindern und jugendlichen als  pflegende und betreuende angehörige erhöhte  aufmerksamkeit gegenüber dieser gruppe und  erarbeitung zielgruppenorientierter und innovativer  unterstützungsangebote  verbesserung der vereinbarkeit von pflege und  beruf bei arbeitgeberinnen und arbeitgebern ist  verstärkt das bewusstsein für die lebenssituation  pflegender angehöriger zu schaffen die pflegeteilzeit oder karenz beanspruchen wollen es werden  rahmenbedingungen gefordert die es ermöglichen  individuelle und flexible arbeitsarrangements zu  vereinbaren z  b  arbeitszeit teleworking  die rahmenbedingungen der selbstständig erwerbstätigen beim pflegekarenzgeld werden im sinne der  vereinbarkeit von pflege und beruf verbessert;6.0;6_pflege_familien_menschen_maßnahmen;pflege - familien - menschen - maßnahmen - kinder - versorgung - ausbau - betreuung - pflegende - angehörige;1.0;1.0;(5.0, 0.25, 25, 6)
auch im bereich der bestehenden kollektivverträge gibt  es fälle in denen die löhne bereits seit mehreren jahrzehnten nicht mehr angehoben wurden wenn eine sozialpartnerschaftliche einigung zur lösung dieses problems  nicht zustande kommt soll die möglichkeit geschaffen  werden eine entscheidung durch das bundeseinigungsamt  herbeizuführen die bundesregierung setzt sich zusätzlich das ziel die  finanzielle eigenständigkeit und ökonomische unabhängigkeit von frauen zu stärken zu guter arbeit und einem  guten leben gehört eine gute vereinbarkeit von freizeit  familie erholung und beruf durch maßnahmen wie u  a ;5.0;5_bekennt_gemeinsame_menschen_verantwortung;bekennt - gemeinsame - menschen - verantwortung - arbeit - gemeinden - schaffung - ziel - verwaltung - behinderung;1.0;1.0;(5.0, 0.25, 25, 6)
wohnortnahe versorgung durch kassen  är ztinnen und  ärzte darf nicht nur in der stadt sondern muss auch auf  dem land zugänglich sein neben der erweiterung der vertragsarztmodelle zur erleichterung der niederlassung im  ländlichen raum muss eine gezielte offensive für fachärztinnen und fachärzte umgesetzt werden wir wollen mit gezielten maßnahmen sicherstellen dass in den nächsten  jahren ausreichend und vor allem qualifiziertes personal  zur verfügung steht speziell in ärztlich unterversorgten  regionen gilt es mit maßnahmen wie landarztstipendien  oder einer fachärztin bzw einem facharzt für allgemeinmedizin anreize zu setzen;6.0;6_pflege_familien_menschen_maßnahmen;pflege - familien - menschen - maßnahmen - kinder - versorgung - ausbau - betreuung - pflegende - angehörige;1.0;1.0;(5.0, 0.25, 25, 6)
neben den betroffenen schülerinnen und schülern werden  besonders die pädagoginnen und pädagogen im zentrum  unserer bemühungen stehen sie leisten hervorragende  arbeit und verdienen dabei weitere unterstützung für ihre  verantwortungsvollen aufgaben darüber hinaus werden  wir die berufsbildung für die fachkräfte der zukunft  stärken und das angebot für lebensbegleitende erwachsenenbildung ausbauen wir wollen rahmenbedingungen  für alle kinder und jugendlichen zur verfügung stellen die  leistung ebenso ermöglichen wie kreativität bewegung  und die entwicklung sozialer fähigkeitenstärkung der elementaren bildung  errichtung eines beirates für elementarpädagogik  mitglieder dieses beirats sind ngosexpertinnen  und experten länder sowie gemeinden zur förderung der österreichweiten zusammenarbeit und  um vorschläge für einheitliche qualitätsmindeststandards in der elementarpädagogik zu erarbeiten;1.0;1_schulen_weiterentwicklung_pädagogen_hochschulen;schulen - weiterentwicklung - pädagogen - hochschulen - pädagogischen - schülerinnen - evaluierung - ausbau - elementarpädagogik - bereich;1.0;1.0;(5.0, 0.25, 25, 6)
 der zweckzuschuss in der avereinbarung in  der elementarpädagogik wird ab dem kindergartenjahr  wesentlich erhöht;1.0;1_schulen_weiterentwicklung_pädagogen_hochschulen;schulen - weiterentwicklung - pädagogen - hochschulen - pädagogischen - schülerinnen - evaluierung - ausbau - elementarpädagogik - bereich;1.0;1.0;(5.0, 0.25, 25, 6)
 die österreichische bundesregierung bekennt sich  zur fortführung der aktiven erinnerungspolitik im  bildungsbereich ein besonderer schwerpunkt wird  der konsequenten und langfristigen sicherung der  erinnerungsarbeit an die opfer des nationalsozialismus sowie der bildungsarbeit gegen antisemitismus  und rassismus in allen schultypen gewidmet sein;3.0;3_europäischen_eu_migration_internationaler;europäischen - eu - migration - internationaler - österreichs - einsatz - stärkung - menschenrechte - ebene - zukunft;1.0;1.0;(5.0, 0.25, 25, 6)
 eigene schulungsmodule und begleitmaßnahmen angelehnt an die ausbildungspflicht sind  zu entwickeln;1.0;1_schulen_weiterentwicklung_pädagogen_hochschulen;schulen - weiterentwicklung - pädagogen - hochschulen - pädagogischen - schülerinnen - evaluierung - ausbau - elementarpädagogik - bereich;1.0;1.0;(5.0, 0.25, 25, 6)
 sukzessive ausweitung und optimierung insbesondere hinsichtlich der benutzbarkeit und  praxistauglichkeit der digitalen behördenwege  für natürliche personen und unternehmen  schrittweiser ausbau mehrsprachiger angebote  für die anerkannten volksgruppen sowie auf  englisch  integration wichtiger ausweise in das digitale  amt u  a  des führerscheins des zulassungsscheins und des personalausweises  ermöglichen weiterer verfahren nebenwohnsitzmeldung verlustmeldung von dokumenten  strafregisterauszug digitale vignette etc und  partizipativer instrumente  ausbau einer sicheren elektronischen zustellung  von behördenkommunikation für bürgerinnen  und bürger sowie unternehmen ezustellung  auf freiwilliger basis  digitale identität ermöglichen einführung einer  eid zur nutzung im öffentlichen und privaten  bereich basierend auf einem umfassenden  datenschutzrechtlichen konzept  zum gezielten nachweis bestimmter angaben  wie alter staatsangehörigkeit etc in wahlweise anonymer pseudonymer oder identifizierter form und ohne offenlegung sämtlicher  weiteren ausweis bzw identifikationsdaten  grundsatz der datenminimierung  digitale kommunikation in der verwaltung ausbauen  um die digitalisierung der verwaltung voranzutreiben wird eine verpflichtung zur digitalen kommunikation der verwaltungsorgane des bundes unter einander eingeführt dort wo es inhaltlich sinnvoll  erscheint und es ausschreibungskonform möglich  ist soll eine partnerschaftliche zusammenarbeit mit  der post angestrebt werden länder und gemeinden  sollen bestmöglich eingebunden werden;4.0;4_digitale_digitalisierung_digitalen_verwaltung;digitale - digitalisierung - digitalen - verwaltung - berücksichtigung - daten - bürgerinnen - bereich - unternehmen - ermöglichen;1.0;1.0;(5.0, 0.25, 25, 6)
und die herausforderungen von heute verlangen nach einer neuen koalition der verantwortung dieser weg hat österreich wirtschaftlich so erfolgreich und so einzigartig  gemacht unterschiede überwinden zwischen stadt und land zwischen allen bevölkerungsgruppen einander und dem land die nötige stabilität geben um die großen  fragen anzugehen die neue volkspartei und die grünen gehen eine neue etappe dieses  österreichischen weges chancen nützen heißt verantwortung übernehmen;2.0;2_migration_internationaler_eu_österreichs;migration - internationaler - eu - österreichs - europäischen - setzt - stärkung - ebene - asyl - bundesheer;1.0;1.0;(7.0, 0.25, 20, 5)
 ausweitung und förderung der zugangsmöglichkeit  verwandter berufsgruppen zum richterstaatsanwaltsberuf und umgekehrt  prüfung einer österreichweiten vereinheit  l ichung  und professionalisierung der justiz  au s und fortbildung unter einbeziehung der wissenschaft  ergänzung der richterlichen und staatsanwaltlichen  regelausbildung um die verpflichtenden module  umweltstrafrecht und technikklauseln stand  der technik regeln der technik stand der wissenschaft und bedeutung von grundsätzlich unverbindlichen normen  schaffung geeigneter rahmenbedingungen zur  attraktivierung des amtes des familienrichters  erfahrene richterinnen bzw richter und  staatsanwältinnen bzw staatsanwälte aus den  instanzen sollen künftig ihre erreichte gehaltsposition in eine funktional niedriger entlohnte  position z  b  die der familienrichterin bzw des  familienrichters mitnehmen können;0.0;0_prüfung_schaffung_stärkung_evaluierung;prüfung - schaffung - stärkung - evaluierung - polizei - sicherheit - berücksichtigung - rahmen - beibehaltung - transparenz;1.0;1.0;(7.0, 0.25, 20, 5)
 bündelung staatsanwaltlicher ermittlungskompetenzen zur bekämpfung von umweltverbrechen  prüfung von strafrechtlichen bestimmungen die  einfluss auf den wirtschaftsstandort haben verstärkter schutz von geschäfts und betriebsgeheimnissen sowie novellierung der bestimmungen über  industriespionage  evaluierung und prüfung des untreuetatbestandes    stgb  überarbeitung des verbandsverantwortlichkeitsgesetzes vbvg  überarbeitung des sanktionensystems durch  erweiterung und attraktivere gestaltung der  möglichkeiten diversioneller erledigung  überprüfung und überarbeitung der prozessualen bestimmungen  das strafrecht sollte in einzelnen punkten evaluiert  und gegebenenfalls überarbeitet werden so insbesondere  schließung von lücken im korruptionsstrafrecht  z b  einbeziehung von personen in die bestechungsbestimmungen die sich um eine funktion  als amtsträger bewerben  zielgerichtetere verfolgung von jugendstraftaten  sowie effiziente resozialisierung mit bündelung der  notwendigen kompetenzenstrafprozessrecht modernisieren  modernisierung des haupt und rechtsmittelverfahrens u  a  einführung der verpflichtung zur strukturierung  des verhandlungsablaufs in form eines rechtsgesprächs  präzisierungen im bereich des ablaufs der  beweisaufnahme in der hauptverhandlung z  b ;0.0;0_prüfung_schaffung_stärkung_evaluierung;prüfung - schaffung - stärkung - evaluierung - polizei - sicherheit - berücksichtigung - rahmen - beibehaltung - transparenz;1.0;1.0;(7.0, 0.25, 20, 5)
 überarbeitung der derzeit geltenden rechtsgrundlagen hin zu einem modernen maßnahmenvollzugsgesetz unter berücksichtigung der aktuellen  rechtsprechung des egmr insbesondere zum  rechtsschutzsystem berücksichtigung der empfehlungen der evaluierungen zu erhöhten einweisungszahlen  enthaftung von untergebrachten rechtsbrecherinnen und rechtsbrechern ausschließlich  wenn durch gutachten an  gen ommen wird dass  keine weitere gleichartige straftat begangen wird  verbesserung des prozesses des entlassungsmanagements inner und außerhalb von anstalten  berücksichtigung der kosten des maßnahmenvollzugs gem   abs  stgb im rahmen des finanzausgleichs  errichtung einer weiteren sonderanstalt bzw eines  forensischtherapeutischen zentrums für den  bereich des maßnahmenvollzugs gemäß   abs;0.0;0_prüfung_schaffung_stärkung_evaluierung;prüfung - schaffung - stärkung - evaluierung - polizei - sicherheit - berücksichtigung - rahmen - beibehaltung - transparenz;1.0;1.0;(7.0, 0.25, 20, 5)
 die bundesregierung bekennt sich zu dem wirtschaftspolitischen ziel die schuldenquote der  republik weiter in richtung maastrichtziel von      zu senken unabhängig davon werden die notwendigen klima und zukunftsinvestitionen sichergestellt;9.0;9_bekennt_nachhaltige_startups_risikokapital;bekennt - nachhaltige - startups - risikokapital - kmus - investoren - verantwortung - innovative - institutionelle - anlageformen;1.0;1.0;(7.0, 0.25, 20, 5)
steuerreform weiterentwicklung und verbesserung  des berichtswesens z  b  förderbericht  prüfung einer bürgerstiftung klimaschutz anreize  schaffen private dazu zu bewegen in den klimaschutz zu investieren gelingen soll das mithilfe  einer bürgerstiftung klimaschutz die bürgeranleihen vergeben soll;4.0;4_klimaschutz_maßnahmen_gas_twh;klimaschutz - maßnahmen - gas - twh - erneuerbaren - flächen - öffentliche - energie - hand - energieträger;1.0;1.0;(7.0, 0.25, 20, 5)
 die bundesregierung wird das vergaberecht als  wichtiges instrument zur bekämpfung des klimawandels nutzen dazu ist das bestbieterprinzip um  verbindliche ökologische kriterien für die angebotenen produkte und dienstleistungen zu erweitern  z b  öffentliche bautätigkeitentbürokratisierung im   kapitalmarktbereich  das finanzministerium und das justizministerium  evaluieren gemeinsam mit den aufsichtsbehörden  regelmäßig eine mögliche übererfüllung von  eurichtlinien für den kapitalmarkt goldplating;9.0;9_bekennt_nachhaltige_startups_risikokapital;bekennt - nachhaltige - startups - risikokapital - kmus - investoren - verantwortung - innovative - institutionelle - anlageformen;1.0;1.0;(7.0, 0.25, 20, 5)
 erhöhung der freigrenze für geringwertige wirtschaftsgüter gwg auf  euro mit ziel einer  weiteren erhöhung auf  euro für gwg mit  besonderer energieeffizienzklasse mit minimalem  bürokratischen aufwand  vereinfachung ausgewählter sonstiger bezüge z  b ;7.0;7_menschen_gesundheit_schulen_euro;menschen - gesundheit - schulen - euro - positionierung - maßnahmen - erhalt - berücksichtigung - stärkung - gap;1.0;1.0;(7.0, 0.25, 20, 5)
 gesellschaftsform für den alternativen investmentfonds nach vorbild sicav socit dinvestissement  capital variable mit variablem  kapital ermöglichen dabei werden hohe  transparenzstandards sowie der anlegerschutz  berücksichtigt;7.0;7_menschen_gesundheit_schulen_euro;menschen - gesundheit - schulen - euro - positionierung - maßnahmen - erhalt - berücksichtigung - stärkung - gap;1.0;1.0;(7.0, 0.25, 20, 5)
 energieaudits werden auf einen größeren kreis  von unternehmen ausgeweitet um reduktionen im  nonetssektor zu verstärken und in ihrer wirksamkeit verbessert damit unternehmen sich rasch  amortisierende maßnahmen umsetzen;4.0;4_klimaschutz_maßnahmen_gas_twh;klimaschutz - maßnahmen - gas - twh - erneuerbaren - flächen - öffentliche - energie - hand - energieträger;1.0;1.0;(7.0, 0.25, 20, 5)
 geeignete übergangsbedingungen erhalten den  anreiz für unternehmen bereits  neue einsparmaßnahmen zu setzen die über  hinaus  wirksam sind prüfung einer neuen kompetenzgrundlage für die  umsetzung der energieeffizienzrl  sowie  der notwendigkeit und zweckmäßigkeit weiterer  bundeseinheitlicher regelungen  versorgungs und netzsicherheit  gewährleisten  österreichischen integrierten netzinfrastrukturplan  entwickeln  strategische energieplanung mit ländern und gemeinden sowie wirtschaft sicherstellen  erforderliche reservekapazitäten sind für einen  stabilen netzbetrieb unabdingbar und benötigen  daher entsprechende investitions und betriebssicherheit das erforderliche ausmaß wird auf basis  einer entsprechenden transparenten bedarfsprognose bzw evaluierung festgestellt ein fokus erfolgt  auf die einbindung erneuerbarer energieträger um  kleineren erzeugungskapazitäten und industriellen  anlagen die teilnahme am reservekapazitätsmarkt  zu erleichtern sollen die losgrößen reduziert und  pooling ermöglicht werden;8.0;8_umsetzung_weiterentwicklung_lebensmittel_klimaschutz;umsetzung - weiterentwicklung - lebensmittel - klimaschutz - landwirtschaft - maßnahmen - ziel - erneuerbaren - europa - erhalt;1.0;1.0;(7.0, 0.25, 20, 5)
die bundesregierung bekennt sich zum gemeinsamen  voranbringen der notwendigen innovationen im verkehrssektor hin zu umweltfreundlicher mobilität für alle  um zukunftsfähige lösungen für unser individuelles mobilitätsbedürfnis zu bieten dadurch sollen die menschen  echte wahlfreiheit auf ihren alltäglichen wegen erhalten  nicht nur in unseren städten sondern auch und besonders  im ländlichen raum wir wollen ein verkehrssystem das  im sinne der österreichischen bevölkerung ist und den  anforderungen des  jahrhunderts gerecht wird deshalb schaffen wir ein gutes sicheres barrierefreies und  preisgünstiges sowie flächendeckendes mobilitätsangebot  für die österreicherinnen und österreicher;6.0;6_verkehr_öffentlichen_einsatz_ausbau;verkehr - öffentlichen - einsatz - ausbau - prüfung - luftfahrt - verkehrs - schifffahrt - bahn - entlang;1.0;1.0;(7.0, 0.25, 20, 5)
 die öbb sind  in kooperation mit den regionalen systempartnern  zentraler dienstleister für  die mobilität von personen im nah und fernverkehr sowie im nationalen und internationalen  güterverkehr;6.0;6_verkehr_öffentlichen_einsatz_ausbau;verkehr - öffentlichen - einsatz - ausbau - prüfung - luftfahrt - verkehrs - schifffahrt - bahn - entlang;1.0;1.0;(7.0, 0.25, 20, 5)
 dekarbonisierung busverkehr  mehrkosten der elektrifizierung von busflotten  für zeitgerechte umsetzung der clean vehicles  directive finanziell fördern phaseoutpfad für  diesel festlegen   ladeinfrastruktur vereinheitlichen  bestbieterprinzip inkl anwendung von qualitäts  und sozialkriterien bei regionalen ausschreibungen  im busverkehrradpaket und zufußgehen    offensive für aktive sanfte mobilität  fahrradoffensive   bekenntnis zur erhöhung des radverkehrs  a nteils  von derzeit    auf     b is zum jahr   neue radkultur berücksichtigung des radverkehrs bei allen infrastrukturinvestitionen für  straßen bahnhöfe wohnstädtebau und in der  raumplanung   deutlicher ausbau der bundesfinanzierung für  infrastruktur routing kombination radöffis;6.0;6_verkehr_öffentlichen_einsatz_ausbau;verkehr - öffentlichen - einsatz - ausbau - prüfung - luftfahrt - verkehrs - schifffahrt - bahn - entlang;1.0;1.0;(7.0, 0.25, 20, 5)
österreich ist vorreiter in der umwelttechnologie  wir  exportieren unser wissen in die ganze welt dabei zeigen  wir immer wieder dass umwelt und wirtschaftspolitik  kein widerspruch sein müssen vielmehr können sie hand  in hand gehen echte kreislaufwirtschaft arbeitet dabei  nach den prinzipien vermeiden wiederverwenden und  verwerten denn wertvolle ressourcen müssen verantwortungsbewusst sparsam und effizient genutzt werden;8.0;8_umsetzung_weiterentwicklung_lebensmittel_klimaschutz;umsetzung - weiterentwicklung - lebensmittel - klimaschutz - landwirtschaft - maßnahmen - ziel - erneuerbaren - europa - erhalt;1.0;1.0;(7.0, 0.25, 20, 5)
 umsetzung der eurecyclingvorgaben   unterstützung österreichischer umwelttechnologieunternehmen durch die umsetzung des masterplans umwelttechnologie  programme zur grünen chemie und zu innovativen  geschäftsmodellen wie chemikalien leasing mit  dem ziel eines effizienten und reduzierten chemikalieneinsatzes artenvielfalt erhalten    natur schützen  erneuerung und weiterentwicklung der nationalen  biodiversitätsstrategie biodiversitätsstrategie   sowie aufnahme aller sektoren  finanzierung eines biodiversitätsfonds zur umsetzung der biodiversitätsstrategie   unterstützung der bundesländer bei der ausweisung neuer und erhaltung von bestehenden wildnisgebieten naturagebieten biosphärenparks  und schutzgebieten gemeinsame initiative mit den bundesländern zur  schaffung neuer und erweiterung bestehender  nationalparks  weiterentwicklung der erfassung und bewertung  von ökosystemleistungen   bundesweite koordinierung der landesspezifischen  insekten und artenschutzmonitorings und bündelung von expertise  klärung und allfällige anpassung der kompetenzrechtslage im bereich biodiversität  vereinheitlichung der bioindikatoren und biotopkartierung  förderung des lebensraumverbundes und der  strukturvielfalt in der landschaft  konzept für den schutz und die nachhaltige nutzung alpiner freiräume gemäß alpenkonvention  engagierte umsetzung internationaler verpflichtungen  entwicklung von biotopverbundsystemen die  artenvielfalt ermöglichen  schaffung von anreizen für biodiversitätsmaßnahmen  maßnahmen zur wiederherstellung von degradierten ökosystemen   einrichtung einer euweiten wildökologischen raumplanung und ausarbeitung von wildtiermanagementlösungen im einklang mit eurecht  reduktion von palmöl in allen produkten auf nationaler und europäischer ebene forcieren schutz vor naturgefahren  ausreichende dotierung für den schutz vor  naturgefahren  ausbau des hochwasserschutzes und zusammenführung der zuständigkeit für hochwasserschutz auf allen fließstrecken förderkriterien  vereinheitlichen nichtbaulichen maßnahmen  vorrang vor technischem hochwasserschutz  einräumen  ziel ist es dem dezentralen und ökologischen  hochwasserschutz mehr gewicht zu geben  verbesserung der katastrophenhilfe insbesondere schaffung klarer zuständigkeiten vereinheitlichung der kriterien für die mittelvergabe  zweckbindung der ressourcen wegfall der  millioneneurogrenze zur vorziehung von  hochwasserschutzprojekten  verstärkung der nachhaltigen schutzwaldbewirtschaftung naturverjüngung des waldes  klimafitter wald  ökologische gartenbewirtschaftung privater gärten  und öffentlicher grünflächen z  b  schulen kindergärten weiter vorantreiben zur förderung der  biodiversität  weitestgehender verzicht auf pflanzenschutzmittel bei öffentlichen flächen  reduktion von negativen auswirkungen invasiver  gebietsfremder arten wasser schützen  schutz des wassers als zentrales element der  daseinsvorsorge  kein ausverkauf der ressource wasser   sicherstellung der langfristigen versorgung der  bevölkerung mit trinkwasser und verbesserung  der versorgungssicherheit erhalt und erweiterung der trinkwasserversorgungsinfrastruktur  und der wasserqualität absicherung der siedlungswasserwirtschaft  rechtzeitige überarbeitung des nitrataktionsprogramms und erlassung geeigneter maßnahmen zur einhaltung der grenzwerte für nitrat  erhalt und erweiterung der abwasserinfrastruktur zur geordneten abwasserentsorgung  abwasserreinigungsanlagen kanäle  entwicklung einer phosphorstrategie zur phosphorrückgewinnung aus klärschlamm in den kläranlagen  ausreichend ufgfördermittel für gewässerökologische maßnahmen zur erreichung der wasserrahmenrichtlinie  weiterentwicklung der integrativen wasserwirtschaftlichen planung im dritten nationalen gewässerschutzplan im rahmen des unionsrechts  weiterentwicklung der ziele zur erreichung  eines guten gewässerzustandes  nachhaltige sicherung der wasserressourcen  unter berücksichtigung von klimawandel und  grundwasserverunreinigungen  konkrete reduktionsziele für nitrat und pestizide  integrativer ökologischer hochwasserschutz mit  regelmäßigen und einheitlichen fortschrittskontrollen  gesetzliche vorrangstellung der trinkwasserversorgung bei nutzungskonflikten  vereinheitlichung der voraussetzungen für die  errichtung von schneedepots  trinkwasserversorgung bleibt in öffentlicher hand  keine wasserprivatisierung  rechtliche erleichterungen für die umsetzung  hydromorphologischer maßnahmen zur erreichung  der wasserrahmenrichtliniesaubere luft und   besserer lärmschutz  zielpfad zur raschen einhaltung der eurichtwerte  zum gesundheitsschutz und zur einhaltung von  sdg  gesundes leben   weiterentwicklung und umsetzung des nationalen  luftreinhalteprogramms   mit konkreten und quantifizierbaren maßnahmen  zur erfüllung der europäischen emissionsreduktionsverpflichtungen insbesondere für ammoniak stickoxide und feinstaub   mit kostenschätzung und finanzieller sicherstellung  verbesserungen im immissionsschutzgluft   der bund unterstützt die länder bei sofortmaßnahmen und vorbeugenden reduktionsmaßnahmen in belasteten gebieten;8.0;8_umsetzung_weiterentwicklung_lebensmittel_klimaschutz;umsetzung - weiterentwicklung - lebensmittel - klimaschutz - landwirtschaft - maßnahmen - ziel - erneuerbaren - europa - erhalt;1.0;1.0;(7.0, 0.25, 20, 5)
 es ist die gemeinsame verantwortung österreichs und italiens die eigenständige entwicklung zu garantieren und in enger abstimmung  mit den vertreterinnen und vertretern der  deutsch und ladinischsprachigen volksgruppen  in südtirol die autonomie weiterzuentwickeln;2.0;2_migration_internationaler_eu_österreichs;migration - internationaler - eu - österreichs - europäischen - setzt - stärkung - ebene - asyl - bundesheer;1.0;1.0;(7.0, 0.25, 20, 5)
 aktive menschenrechtspolitik in relevanten internationalen verträgen und organisationen  als einer der vier amtssitze der vereinten nationen  und ort für internationale verhandlungen bekennt  sich österreich zu einer auf menschenrechten  friedensorientierung und multilateralismus sowie  dem völkerrecht basierenden außen und entwicklungspolitik österreich setzt sich weltweit gegen  autoritäre tendenzen und für jene kräfte ein die  demokratie und rechtsstaatlichkeit ein funktionierendes gemeinwesen ein leben in freiheit sicherheit und würde sowie gute regierungsführung  voranbringen wollen;2.0;2_migration_internationaler_eu_österreichs;migration - internationaler - eu - österreichs - europäischen - setzt - stärkung - ebene - asyl - bundesheer;1.0;1.0;(7.0, 0.25, 20, 5)
 schrittweise digitalisierung des verfahrens  in einem ersten schritt soll die antragstellung durch arbeitgeberinnen und arbeitgeber auch online möglich sein ziel ist es in  einem weiteren schritt auch digitale verfahren für antragstellende auf rwrkarte zu  ermöglichen unter wahrung der feststellung  der persönlichen identität;3.0;3_digitale_digitalen_digitalisierung_verwaltung;digitale - digitalen - digitalisierung - verwaltung - bereich - prüfung - forschung - berücksichtigung - unternehmen - bürgerinnen;1.0;1.0;(7.0, 0.25, 20, 5)
weiters ist es wichtig den gesundheits sowie pflegebereich stets gesamthaft zu betrachten ziel muss es  sein durch prävention und rehabilitation den anteil an  gesunden jahren zu erhöhen und somit pflegebedürftigkeit so lange wie möglich zu vermeiden grundprinzipien  die unterstützung von betreuungs und pflegebedürftigen menschen und ihrer an und zugehörigen  ist nicht nur aufgabe der familien selbst sondern  ein gesamtgesellschaftlicher auftrag;5.0;5_pflege_familien_versorgung_menschen;pflege - familien - versorgung - menschen - ausbau - betreuung - pflegende - kinder - maßnahmen - angehörige;1.0;1.0;(7.0, 0.25, 20, 5)
wir wollen dass österreicherinnen und österreicher länger gesundheitlich uneingeschränkt leben können dazu  müssen wir einen fokus auf prävention rehabilitation  und stärkung der gesundheitskompetenz der oder des  einzelnen setzen damit der anteil der gesunden jahre für  alle erhöht wird die gesundheit der beschäftigten ist das  beste und effektivste mittel um das tatsächliche pensions alter an das gesetzliche heranzuführen investitionen in  die gesundheit von menschen reduzieren nachweislich  arbeitsunfähigkeit und kosten im gesundheits wie auch  im pensionssystem deshalb setzen wir maßnahmen um  das effektive pensionsantrittsalter deutlich zu erhöhen  menschen sollen in ihrer arbeit gesund bis ins pensionsalter kommen um das zu erreichen schaffen wir ein betriebliches gesundheitsmanagement das den erhalt der  gesundheit von arbeitnehmerinnen und arbeitnehmern  besonders in den vordergrund stellt dieser zugang  erleichtert auch ein frühwarnsystem unter den sozialversicherungsträgern und ermöglicht ein an klientinnen und  klienten orientiertes casemanagement das die gesundheitsinteressen in den mittelpunkt stellt;7.0;7_menschen_gesundheit_schulen_euro;menschen - gesundheit - schulen - euro - positionierung - maßnahmen - erhalt - berücksichtigung - stärkung - gap;1.0;1.0;(7.0, 0.25, 20, 5)
die bundesregierung hat sich daher zum ziel gesetzt  umwelt wirtschaft und arbeitswelt angesichts dieser  herausforderungen gemeinsam zu denken und für eine  sozial verträgliche bewältigung der herausforderungen  just transition zu sorgen das umfasst dass erwerbseinkommen auch vor armut schützen verstärkter einsatz  in den bereichen bildung weiterbildung nachhaltige  qualifikation und berufliche umorientierung sollen sicherstellen dass auch in zukunft ausreichend gut ausgebildete  und motivierte fachkräfte zur verfügung stehen gerade  branchen und betriebe bei denen die digitalisierung oder  die klimakrise eine besondere rolle spielt sollen aktiv  dabei unterstützt werden zukunftsfit zu werden;9.0;9_bekennt_nachhaltige_startups_risikokapital;bekennt - nachhaltige - startups - risikokapital - kmus - investoren - verantwortung - innovative - institutionelle - anlageformen;1.0;1.0;(7.0, 0.25, 20, 5)
 evaluierung der sozialen absicherung der gruppe  der selbstständigen im rahmen der zusammenführung der träger sva und svb zur svs hochqualitative abgestufte   flächendeckende und wohnortnahe  gesundheitsversorgung  aufwertung der bundeszielsteuerungskommission  evaluierung und stärkung der sektorübergreifenden  zusammenarbeit z  b  abstimmung im bereich der  heilmittel  telefonische erstberatung  aufwerten und  weiterentwickeln  telemedizinische behandlung bestmöglich umsetzen  weiterentwicklung der ecard als schlüssel für  papierlose prozesse unter berücksichtigung des  datenschutzes  eimpfpass erezept ebefund etransportschein emedikation  digitalisierung auch in medizinischer forschung  diagnose und behandlung vorantreiben  ausnahmslose nutzung von anonymisierten daten  zu wissenschaftlichen zwecken   wissenschaftliche evaluierung der implementierung  von international classification of primary care  ausbau der primärversorgung die den bedürfnissen  der versicherten entgegenkommt z  b  etablierung von allgemeinmedizinischen akutordinationen vor  oder in den spitälern zur vorgelagerten versorgung  ausbau von pve und facharztzentren  flexible  kooperationsmodelle  abschaffung der unechten ustbefreiung bei vermietung an ärztinnen und ärzte  stärkung der integrierten versorgung bei chronischen krankheiten ausbau von diseasemanagementprogrammen  wohnortnahe versorgung der bevölkerung durch  niedergelassene kassenärztinnen und kassenärzte  fachärztin bzw facharzt für allgemeinmedizin   attraktivierung der allgemeinmedizinerausbildung  klinischpraktisches jahr finanzieren   ziel integration der inhalte der basisausbildung um  das klinischpraktische jahr  erweiterung der vertragsarztmodelle aufbauend  auf dem heutigen vertragspartnerrecht soll dieses  weiterentwickelt und ausgebaut werden um die  versorgung vor allem im ländlichen raum sicherzustellen;5.0;5_pflege_familien_versorgung_menschen;pflege - familien - versorgung - menschen - ausbau - betreuung - pflegende - kinder - maßnahmen - angehörige;1.0;1.0;(7.0, 0.25, 20, 5)
inklusion im bildungssystem bis zum  tertiären system  laufende barrierefreie ausstattung von bildungseinrichtungen  laufende bereitstellung der benötigten hilfsmittel  und infrastruktur weiterentwicklung der qualität pädagogischer  angebote für schülerinnen und schüler mit behinderungen und barrierefreier bildungswege sowie  ausreichend gut ausgebildete sonderpädagoginnen bzw pädagogen und assistentinnen bzw;1.0;1_weiterentwicklung_schulen_pädagogen_hochschulen;weiterentwicklung - schulen - pädagogen - hochschulen - evaluierung - elementarpädagogik - lehre - bereich - schülerinnen - pädagogischen;1.0;1.0;(7.0, 0.25, 20, 5)
jede familie soll die wahlmöglichkeit haben ihr gemeinsames leben zu gestalten aufgabe der bundesregierung ist  es dafür die passenden rahmenbedingungen in bezug auf  die betreuung vereinbarkeit von familien und erwerbsleben und die bekämpfung von kinderarmut zu schaffen;5.0;5_pflege_familien_versorgung_menschen;pflege - familien - versorgung - menschen - ausbau - betreuung - pflegende - kinder - maßnahmen - angehörige;1.0;1.0;(7.0, 0.25, 20, 5)
neben den betroffenen schülerinnen und schülern werden  besonders die pädagoginnen und pädagogen im zentrum  unserer bemühungen stehen sie leisten hervorragende  arbeit und verdienen dabei weitere unterstützung für ihre  verantwortungsvollen aufgaben darüber hinaus werden  wir die berufsbildung für die fachkräfte der zukunft  stärken und das angebot für lebensbegleitende erwachsenenbildung ausbauen wir wollen rahmenbedingungen  für alle kinder und jugendlichen zur verfügung stellen die  leistung ebenso ermöglichen wie kreativität bewegung  und die entwicklung sozialer fähigkeitenstärkung der elementaren bildung  errichtung eines beirates für elementarpädagogik  mitglieder dieses beirats sind ngosexpertinnen  und experten länder sowie gemeinden zur förderung der österreichweiten zusammenarbeit und  um vorschläge für einheitliche qualitätsmindeststandards in der elementarpädagogik zu erarbeiten;1.0;1_weiterentwicklung_schulen_pädagogen_hochschulen;weiterentwicklung - schulen - pädagogen - hochschulen - evaluierung - elementarpädagogik - lehre - bereich - schülerinnen - pädagogischen;1.0;1.0;(7.0, 0.25, 20, 5)
 beibehaltung und strategische weiterentwicklung der bestehenden bundesbildungsanstalten  für elementarpädagogik bafep z  b  erweiterung der schwerpunkte  flächendeckende vereinheitlichung der pädagogischen ausbildung von assistenzpersonal zur  sicherstellung eines breiten betreuungsspektrums  eröffnung von möglichkeiten zur ausbildung und  für den berufseinstieg für quereinsteigerinnen  und quereinsteiger  kriterien für eine qualitätsvolle bundesweit  einheitliche ausbildung für tageseltern auch  betriebstageseltern sind zu definieren und in  den bildungsrahmenplan aufzunehmen;1.0;1_weiterentwicklung_schulen_pädagogen_hochschulen;weiterentwicklung - schulen - pädagogen - hochschulen - evaluierung - elementarpädagogik - lehre - bereich - schülerinnen - pädagogischen;1.0;1.0;(7.0, 0.25, 20, 5)
 schaffung eines neuen nationalen zentrums für  klimaforschung und daseinsvorsorge als anstalt  öffentlichen rechts durch die zusammenführung der  geologischen bundesanstalt gba und der zentralanstalt für meteorologie und geodynamik zamg  umwelt  klimaschutz erfassung der bestehenden aktivitäten zu umwelt und klimaforschung;4.0;4_klimaschutz_maßnahmen_gas_twh;klimaschutz - maßnahmen - gas - twh - erneuerbaren - flächen - öffentliche - energie - hand - energieträger;1.0;1.0;(7.0, 0.25, 20, 5)
 datenschutz ist ein wichtiger teil dieses digitalchecks;3.0;3_digitale_digitalen_digitalisierung_verwaltung;digitale - digitalen - digitalisierung - verwaltung - bereich - prüfung - forschung - berücksichtigung - unternehmen - bürgerinnen;1.0;1.0;(7.0, 0.25, 20, 5)
 eine öffnung der verkehrsauskunft österreich  als open service und open data soll koordiniert  durch den bund ermöglicht werden;3.0;3_digitale_digitalen_digitalisierung_verwaltung;digitale - digitalen - digitalisierung - verwaltung - bereich - prüfung - forschung - berücksichtigung - unternehmen - bürgerinnen;1.0;1.0;(7.0, 0.25, 20, 5)
und die herausforderungen von heute verlangen nach einer neuen koalition der verantwortung dieser weg hat österreich wirtschaftlich so erfolgreich und so einzigartig  gemacht unterschiede überwinden zwischen stadt und land zwischen allen bevölkerungsgruppen einander und dem land die nötige stabilität geben um die großen  fragen anzugehen die neue volkspartei und die grünen gehen eine neue etappe dieses  österreichischen weges chancen nützen heißt verantwortung übernehmen;3.0;3_migration_österreichs_eu_europäischen;migration - österreichs - eu - europäischen - internationaler - setzt - ort - organisationen - stärkung - bundesheer;1.0;1.0;(7.0, 0.25, 25, 6)
transparenz ist ein entscheidender faktor eines demokratischen gemeinwesens daher werden wir das wahlrecht  zeitgemäß modernisieren und vollständige transparenz  der parteien und vor allem im bereich der parteienfinanzierung herstellen damit wollen wir das vertrauen in die  politik stärken und das politische engagement fördern;2.0;2_polizei_stärkung_prüfung_schaffung;polizei - stärkung - prüfung - schaffung - sicherheit - evaluierung - bekämpfung - schutz - rahmen - bmi;1.0;1.0;(7.0, 0.25, 25, 6)
 bekenntnis zur stärkeren sichtbarmachung der  volksgruppen im orf  sicherstellung der radioprogramme in volksgruppensprachen   verstärkte berücksichtigung der volksgruppen  entsprechend den öffentlichrechtlichen verpflichtungen des orf  erweiterung der fernsehprogrammfläche auf das  programm orf iii  berücksichtigung der sprachen der anerkannten  volksgruppen  einrichtung einer arbeitsgruppe unter einbeziehung  der volksgruppenvertretungen zur prüfung einer  modernisierung der volksgruppenvertretung  volksgruppensprachen im virtuellen raum  amtssprache im virtuellen raum   finanzamt  gemeindewebsites und onlinedienste der  gemeinden kann über fa kommen zweisprachige bezirksgerichtsbarkeit der volksgruppen  absicherung der zweisprachigen bezirksgerichtsbarkeit im siedlungsgebiet bei zusammenlegungen von bezirksgerichten im zweisprachigen gebiet ist sicherzustellen dass in den  volksgruppensprachen ein gleichberechtigter  und leistungsfähiger teil der österreichischen  justiz bleibt;4.0;4_digitale_digitalisierung_digitalen_verwaltung;digitale - digitalisierung - digitalen - verwaltung - berücksichtigung - bereich - unternehmen - prüfung - bürgerinnen - schaffung;1.0;1.0;(7.0, 0.25, 25, 6)
darüber hinaus muss der rechtsbestand auf basis wissenschaftlicher erkenntnisse stetig evaluiert und im hinblick  auf die gesellschaftlichen und wirtschaftlichen entwicklungen modernisiert werden so muss beispielsweise  das strafrecht neue bedrohungslagen abbilden um die bevölkerung effektiv zu schützen und die korruptionsbekämpfung effektiv voranzutreiben der opferschutz soll  gestärkt und auf neue phänomene wie beispielsweise  hass im netz muss wirkungsvoll reagiert werden im  wirtschaftsrecht und konsumentenschutz gilt es durch  einen klugen interessensausgleich rahmenbedingungen  zu schaffen die sich positiv auf das tägliche leben der  menschen auswirken und im bereich wohnen wollen wir  leistbare mieten die bildung von eigentum nachhaltigkeit  und fairness fördern;2.0;2_polizei_stärkung_prüfung_schaffung;polizei - stärkung - prüfung - schaffung - sicherheit - evaluierung - bekämpfung - schutz - rahmen - bmi;1.0;1.0;(7.0, 0.25, 25, 6)
 ausweitung und förderung der zugangsmöglichkeit  verwandter berufsgruppen zum richterstaatsanwaltsberuf und umgekehrt  prüfung einer österreichweiten vereinheit  l ichung  und professionalisierung der justiz  au s und fortbildung unter einbeziehung der wissenschaft  ergänzung der richterlichen und staatsanwaltlichen  regelausbildung um die verpflichtenden module  umweltstrafrecht und technikklauseln stand  der technik regeln der technik stand der wissenschaft und bedeutung von grundsätzlich unverbindlichen normen  schaffung geeigneter rahmenbedingungen zur  attraktivierung des amtes des familienrichters  erfahrene richterinnen bzw richter und  staatsanwältinnen bzw staatsanwälte aus den  instanzen sollen künftig ihre erreichte gehaltsposition in eine funktional niedriger entlohnte  position z  b  die der familienrichterin bzw des  familienrichters mitnehmen können;2.0;2_polizei_stärkung_prüfung_schaffung;polizei - stärkung - prüfung - schaffung - sicherheit - evaluierung - bekämpfung - schutz - rahmen - bmi;1.0;1.0;(7.0, 0.25, 25, 6)
die bundesregierung bekennt sich zu einer finanz und  budgetpolitik die fiskalische stabilität sicherstellt und  den heimischen unternehmerinnen bzw unternehmern  und arbeitnehmerinnen bzw arbeitnehmern planungssicherheit bietet der staat soll dabei mit gutem beispiel  vorangehen und mit dem geld der steuerzahlenden sorgsam umgehen während er überall dort wo es sinnvoll und  notwendig ist spielräume schafft um durch öffentliche  investitionen das allgemeinwohl zu fördern;6.0;6_bekennt_prüfung_verantwortung_nachhaltige;bekennt - prüfung - verantwortung - nachhaltige - gemeinsame - schaffung - menschen - gebietskörperschaften - investoren - arbeit;1.0;1.0;(7.0, 0.25, 25, 6)
 enge abstimmung mit anderen politischen  zielsetzungen wie etwa der ftistrategie der  klima und energiepolitik der arbeitsmarktpolitischen zielsetzung und der bildungspolitik  auf stärken bauen bestehende stärken wie z  b ;1.0;1_maßnahmen_klimaschutz_umsetzung_ziel;maßnahmen - klimaschutz - umsetzung - ziel - erneuerbaren - energie - reduktion - erreichung - nationalen - landwirtschaft;1.0;1.0;(7.0, 0.25, 25, 6)
 einführung eines sozial verträglichen sanierungsgebots  für sich rasch amortisierende maßnahmen  wie beispielsweise die dämmung der obersten geschoßdecke  begleitet durch geförderte beratungen sowie  spezielle förderangebote  mit ausnahmeregelungen und schwellenwerten  förderprogramme für die thermischenergetische sanierung von nutzgebäuden  steigerung der sanierungsqualität und damit rasche  verbrauchsreduktion und kosten  e rsparnis für die  haushalte insbesondere durch folgende maßnahmen erstellung eines sanierungskonzepts bei jeder  geplanten größeren renovierungsmaßnahme  nach vorbild energieausweis mit dem ziel sinnvolle sanierungsabfolgen zu gewährleisten und  für maximale verbrauchsreduktion zu möglichst  geringen kosten zu sorgen  umsetzung der leitlinien für bauökologisch vorteilhafte sanierungen gemäß energieeffizienzgesetz   abs    weiterführung des förderschwerpunkts für ökologisch vorteilhafte sanierungen  weiterentwicklung der standards in den bauvorschriften in zusammenarbeit mit den bundesländern  mit folgenden zielen  vorbereitung bzw planung der nächsten anpassung der oibrichtlinie    nullemissionsgebäude schritt für schritt zum  standard machen  ausrichtung der baustandards in den bauordnungen in neubau und sanierung gemäß kostenoptimalem niveau der niedrigstenergiestandards  anschluss bzw lademöglichkeiten für batterieelektrische fahrzeuge sind bei allen neubauten  vorzusehen in bestandsgebäuden sind die  rechtlichen rahmenbedingungen so zu gestalten dass entsprechende nachrüstungen leicht  erfolgen können;1.0;1_maßnahmen_klimaschutz_umsetzung_ziel;maßnahmen - klimaschutz - umsetzung - ziel - erneuerbaren - energie - reduktion - erreichung - nationalen - landwirtschaft;1.0;1.0;(7.0, 0.25, 25, 6)
 spezielle förderungen für industrielle clusterleitprojekte von branchenführern bei denen  klimaschutz fe und innovation einen hohen  stellenwert genießen durch obengenannte  instrumente  förderung der energieeffizienz in der produktion  in industrie und gewerbeunternehmen sowie der  erzeugnisse über deren lebenszyklus einrichtung  von anreizsystemen für unternehmen zum ersatz  ineffizienter technologien investitionsprämien zur erhöhung der transformationsgeschwindigkeit sollen unternehmen mittelfristig und planbar angelegt investitionsprämien  für investitionen in klimaschonende technologien  erhalten;1.0;1_maßnahmen_klimaschutz_umsetzung_ziel;maßnahmen - klimaschutz - umsetzung - ziel - erneuerbaren - energie - reduktion - erreichung - nationalen - landwirtschaft;1.0;1.0;(7.0, 0.25, 25, 6)
luftfahrt schifffahrt und auch seilbahnwirtschaft sind  im zusammenhang mit den bereichen verkehr und infrastruktur nicht zu vernachlässigen  auch hier werden  ökologische ökonomische und soziale ziele verfolgt;7.0;7_verkehr_öffentlichen_einsatz_ausbau;verkehr - öffentlichen - einsatz - ausbau - prüfung - bahn - luftfahrt - verkehrs - entlang - güterverkehr;1.0;1.0;(7.0, 0.25, 25, 6)
 besondere berücksichtigung finden attraktive  mobilitätsdienstleistungen sowohl für urbane  zentren als auch für ländliche gebiete;7.0;7_verkehr_öffentlichen_einsatz_ausbau;verkehr - öffentlichen - einsatz - ausbau - prüfung - bahn - luftfahrt - verkehrs - entlang - güterverkehr;1.0;1.0;(7.0, 0.25, 25, 6)
 brennermaut ziel einer korridormaut  zwischen münchen und verona um kosten  an andere transitstrecken über die alpen  anzupassen z  b  über die schweiz  einsatz von intelligenten lkwleitsystemen entlang  wichtiger transitknotenpunkte aufbauend auf  laufende bemühungen im bereich brennermünchen  schwerverkehrsbelastung reduzieren durch bekenntnis der bundesregierung zu und unterstützung  der bundesländer bei ihren notmaßnahmen zur  bekämpfung des lkwtransitverkehrs und aufrechterhaltung der verkehrs und versorgungssicherheit  wie die sektoralen fahrverbote auch außerhalb von  luftsanierungsgebieten lkwdosierungen an den  außengrenzen lkwnachtfahrverbote lkwwochenendfahrverbote euroklassenfahrverbot  samstagsfahrverbote im sommer und winter  bekämpfung des tanktourismus sowie der ausweich und umwegverkehre im internationalen  schwerverkehr durch beseitigung von wettbewerbsverzerrenden privilegien und berücksichtigung  externer kosten zur angleichung der preiskonditionen entlang der transitrouten   beibehaltung der gesetzlichen grundlage für  länder um zur eindämmung des tanktourismus  lkwabfahrverbote aussprechen zu können mit  ausnahme ziel und quellverkehr  aufrechterhaltung bestehender lkwfahrverbote im niederrangigen straßennetz bzw weiterentwicklung der notwendigen verkehrslenkung durch tarifliche regelungen ökologisierung der bestehenden lkwmaut z  b  durch  stärkere spreizung nach euroklassen  gesetzliche präzisierung der pkwabfahrverbote zur vermeidung von ausweichverkehr auf  die untergeordneten straßennetze  verstärkte kontrollen der abfahrverbote durch  asfinag und exekutivbeamtinnen und beamte  initiative auf europäischer ebene zur kooperation  mit führenden anbietern von gpsnavigation zur  besseren kommunikation von abfahrverboten  pilotprojekt und möglicher ausbau automatischer  abfahrverbote für lkw mit digitalen straßenschildern aufbauend auf messung der verkehrsdichte im  niederrangigen straßennetz   einsatz der bundesregierung bei allen europäischen  institutionen für die ergreifung aller geeigneten  maßnahmen zur verhinderung der umgehung der  gesetzlichen rahmenbedingungen für lkwtransporte durch den einsatz von kleinlkw im transitverkehr  entwicklung citylogistik zur reduktion des stadtinternen güterverkehrs  bedarfsgerechter ausbau des lärmschutzes unter  miteinbeziehung von kriterien wie topographie  anteile des schwerverkehrs am gesamtverkehrsaufkommen und bestehenden schutzmaßnahmen für  effizientere lärmschutzmaßnahmen in besonders  sensiblen und von verkehr geplagten regionen  sowie die nutzung der lärmschutzwände für photovoltaikanlagen  gerechte entlohnung in den branchen transport und  logistik sicherstellen  mit stringenten lkwkontrollen sicherstellen dass  sozialstandards und lenkzeiten tempo  l imits und höchstgewicht sowie kabotage eingehalten werden  und so das heimische frächtergewerbe und den  logistikstandort stärken   keine gigaliner auf österreichs straßen klimafaire zukunft in luftfahrt  schifffahrt seilbahnwesen  stärkung der öffentlichen verkehrsverbindung  besonders für den flughafen wien errichtung der  flughafenspange richtung osten und bessere verknüpfung an das sbahn und ubahnnetz verlängerung der sbahn nach bratislava  prüfung eines möglichen stopoverprogramms für  den bestehenden anteil von transferpassagieren in  abstimmung mit dem tourismus  prüfung einer reduktion der kerosinbevorratungspflicht  inkl möglichkeit der abzugsfähigkeit von  alternativen flugkraftstoffen  evaluierung der österreichischen flugsicherung im  hinblick auf effizienz und kostenoptimierung unter  einbeziehung von empfehlungen des rechnungshofs sicherstellung höchster sicherheitsniveaus  sowie umwelt und klimaschonender abwicklung in  der österreichischen luftraumkontrolle  umsetzung single european sky schaffung eines  einheitlichen europäischen luftraums um flugdistanzen kerosinverbrauch und coemissionen zu  minimieren  umsetzung eines emissionsreduktionspfades für die  luftfahrt zur erreichung der klimaziele durch eine  kombination aus   corsia carbon offsetting and reduction  scheme for international aviation globales  cokompensationssystem für den luftverkehr aller mitgliedstaaten der unluftfahrtorganisation icao für die freiwillige kompensation  womöglich weiter steigender co ausstöße der  luftfahrt ab    fortgesetzte einbeziehung der luftfahrt  in den euemissionshandel ets für eine  deutliche reduktion der co emissionen bis     einsatz für wirksames ets für die luftfahrtindustrie auf europäischer ebene  flugticketabgabe deutliche erhöhung kurzstrecke erhöhung mittelstrecke senkung langstrecke antidumpingregelung einheitliche  regelung von  euro pro flugticket  einsatz auf europäischer ebene und in den globalen  gremien für eine mit anderen treibstoffen in relation stehende besteuerung von kerosin  es braucht  eine gerechte kerosin  b esteuerung auf euebene   entwicklung von klimaschonenden treibstoffalternativen für die luftfahrt   initiative eumitgliedstaaten für markteinführung alternativer kraftstoffe   beteiligung der luftfahrtbranche an pilotprojekten zum aufbau industrieller anlagen zur  herstellung von synthetischem kraftstoff   förderungsinitiativen österreichs zur erforschung alternativer treibstoffe  prüfung der möglichkeit von kompensationszahlungen als optoutmechanismus beim flugticketkauf  prüfung einer antidumpingergänzung der flughafengebührenordnung insbesondere am flughafen  wien  kopplung an österreichische beschäftigungsstandards   evaluierung von flughafengebührenordnungen  sowie allfälliger incentiveregelungen unter berücksichtigung der europäischen rechtssprechung eughurteil c vom  november  und  daraus resultierender unionsrechtlichen regelungen   umsetzung fluglärmreduzierender an und abflugverfahren zum frühestmöglichen zeitpunkt durch die  austrocontrol  überarbeitung des luftfahrtgesetzes bezüglich klimaschutz und ökologisierung und ggf novellierung  nutzung von drohnen und anderer unpiloted aerial  vehicles schaffung klarer gesetzlicher grundlagen  klarer betriebsvorschriften und adäquater flugsicherung  der nicht motorisierte flugsport ist ein interessantes potenzial für den österreichischen tourismus;7.0;7_verkehr_öffentlichen_einsatz_ausbau;verkehr - öffentlichen - einsatz - ausbau - prüfung - bahn - luftfahrt - verkehrs - entlang - güterverkehr;1.0;1.0;(7.0, 0.25, 25, 6)
 umsetzung einer klaren eubeitrittsperspektive für  die westbalkanstaaten  beitrittsverhandlungen sollen ohne verzögerungen eröffnet bzw vorangetrieben werden  wenn die entsprechenden kriterien durch die  jeweiligen staaten erfüllt sind überlegungen zu  neuen methoden dürfen diesen prozess nicht  behindern;3.0;3_migration_österreichs_eu_europäischen;migration - österreichs - eu - europäischen - internationaler - setzt - ort - organisationen - stärkung - bundesheer;1.0;1.0;(7.0, 0.25, 25, 6)
migration gesamtstaatliche migrationsstrategie  klare trennung zwischen zuwanderung und asyl  österreich wird in zukunft die fragen von flucht  und migration sauber trennen dazu braucht es eine  migrationsstrategie für sichere geordnete reguläre  und qualifizierte migration im interesse österreichs  und im interesse der betroffenen andererseits  braucht es nachhaltige beiträge zur reduktion von  illegalerirregulärer migration sowie die unterstützung in herkunftsländern um lebensperspektiven  vor ort zu schaffen;3.0;3_migration_österreichs_eu_europäischen;migration - österreichs - eu - europäischen - internationaler - setzt - ort - organisationen - stärkung - bundesheer;1.0;1.0;(7.0, 0.25, 25, 6)
 schrittweise digitalisierung des verfahrens  in einem ersten schritt soll die antragstellung durch arbeitgeberinnen und arbeitgeber auch online möglich sein ziel ist es in  einem weiteren schritt auch digitale verfahren für antragstellende auf rwrkarte zu  ermöglichen unter wahrung der feststellung  der persönlichen identität;4.0;4_digitale_digitalisierung_digitalen_verwaltung;digitale - digitalisierung - digitalen - verwaltung - berücksichtigung - bereich - unternehmen - prüfung - bürgerinnen - schaffung;1.0;1.0;(7.0, 0.25, 25, 6)
 stärkung des öif als kompetenzzentrum für die  entwicklung einheitlicher materialien insbesondere im lehr und lernbereich   integration vor ort stärken die zusammenarbeit  des öif mit den ländern dem ams und der  zivilgesellschaft wird gestärkt um synergien  zu generieren und bestehende expertisen und  netzwerke zu nutzen;0.0;0_weiterentwicklung_schulen_hochschulen_pädagogen;weiterentwicklung - schulen - hochschulen - pädagogen - bereich - forschung - entwicklung - evaluierung - prüfung - pädagogischen;1.0;1.0;(7.0, 0.25, 25, 6)
 die eltern sollen daher aktiv ins schulgeschehen  eingebunden werden zur verbesserung der mitwirkung an der bildungskarriere des kindes;0.0;0_weiterentwicklung_schulen_hochschulen_pädagogen;weiterentwicklung - schulen - hochschulen - pädagogen - bereich - forschung - entwicklung - evaluierung - prüfung - pädagogischen;1.0;1.0;(7.0, 0.25, 25, 6)
die bundesregierung bekennt sich zum prinzip der armutsbekämpfung und nimmt ihre verantwortung wahr die  möglichkeiten zu schaffen ein eigenständiges und wirtschaft  l ich unabhängiges erwerbsleben führen zu können;6.0;6_bekennt_prüfung_verantwortung_nachhaltige;bekennt - prüfung - verantwortung - nachhaltige - gemeinsame - schaffung - menschen - gebietskörperschaften - investoren - arbeit;1.0;1.0;(7.0, 0.25, 25, 6)
eine besondere form der pflege stellt die palliativ und  hospizpflege dar diese versucht menschen mit unheilbaren krankheiten ein lebensende in würde zu ermöglichen diese form der pflege hat in österreich oftmals  durch das engagement von vielen freiwilligen funktioniert;5.0;5_pflege_familien_versorgung_ausbau;pflege - familien - versorgung - ausbau - kinder - menschen - betreuung - pflegende - maßnahmen - angehörige;1.0;1.0;(7.0, 0.25, 25, 6)
 evaluierung der sozialen absicherung der gruppe  der selbstständigen im rahmen der zusammenführung der träger sva und svb zur svs hochqualitative abgestufte   flächendeckende und wohnortnahe  gesundheitsversorgung  aufwertung der bundeszielsteuerungskommission  evaluierung und stärkung der sektorübergreifenden  zusammenarbeit z  b  abstimmung im bereich der  heilmittel  telefonische erstberatung  aufwerten und  weiterentwickeln  telemedizinische behandlung bestmöglich umsetzen  weiterentwicklung der ecard als schlüssel für  papierlose prozesse unter berücksichtigung des  datenschutzes  eimpfpass erezept ebefund etransportschein emedikation  digitalisierung auch in medizinischer forschung  diagnose und behandlung vorantreiben  ausnahmslose nutzung von anonymisierten daten  zu wissenschaftlichen zwecken   wissenschaftliche evaluierung der implementierung  von international classification of primary care  ausbau der primärversorgung die den bedürfnissen  der versicherten entgegenkommt z  b  etablierung von allgemeinmedizinischen akutordinationen vor  oder in den spitälern zur vorgelagerten versorgung  ausbau von pve und facharztzentren  flexible  kooperationsmodelle  abschaffung der unechten ustbefreiung bei vermietung an ärztinnen und ärzte  stärkung der integrierten versorgung bei chronischen krankheiten ausbau von diseasemanagementprogrammen  wohnortnahe versorgung der bevölkerung durch  niedergelassene kassenärztinnen und kassenärzte  fachärztin bzw facharzt für allgemeinmedizin   attraktivierung der allgemeinmedizinerausbildung  klinischpraktisches jahr finanzieren   ziel integration der inhalte der basisausbildung um  das klinischpraktische jahr  erweiterung der vertragsarztmodelle aufbauend  auf dem heutigen vertragspartnerrecht soll dieses  weiterentwickelt und ausgebaut werden um die  versorgung vor allem im ländlichen raum sicherzustellen;5.0;5_pflege_familien_versorgung_ausbau;pflege - familien - versorgung - ausbau - kinder - menschen - betreuung - pflegende - maßnahmen - angehörige;1.0;1.0;(7.0, 0.25, 25, 6)
inklusion am arbeitsmarkt  beschäftigungsoffensive für menschen mit behinderung und verstärkte angebote im schnittstellenbereich zur schule  evaluierung der fördermittel und abbau der  zugangshürden bzw bürokratie  lohn statt taschengeld  gemeinsame erarbeitung der umsetzungsschritte mit den stakeholdernselbstbestimmtes leben in der  gemeinschaft  prüfung der schaffung eines inklusionsfonds   bedarfsgerechte finanzierung zur umsetzung der  unbehindertenrechtskonvention und des nap  forcierung der umsetzung des nap mit allen ministerien und unter einbeziehung der stakeholder  erarbeitung bundeseinheitlicher rahmenbedingungen zur persönlichen assistenz in allen lebensbereichen unabhängig von der art der behinderung  schaffung eines onestopshops  für hilfsmittel und heilbehelfe  für beratung begleitung und betreuung  für persönliche assistenz  schnittstelle amssmsländersozialversicherungfamilie  jugend familien sind die wichtigste gemeinschaft der menschen;6.0;6_bekennt_prüfung_verantwortung_nachhaltige;bekennt - prüfung - verantwortung - nachhaltige - gemeinsame - schaffung - menschen - gebietskörperschaften - investoren - arbeit;1.0;1.0;(7.0, 0.25, 25, 6)
kinderbetreuung ist für uns als bundesregierung eine klar  partnerschaftliche aufgabe und jedes kind soll die beste  betreuung erhalten um die alltäglichen organisatorischen  und finanziellen herausforderungen meistern zu können  bedarf es hierzu aber auch der richtigen rahmenbedingungen sowie genügend angebot an betreuung eltern  müssen in ihrer wichtigen aufgabe unterstützt werden;5.0;5_pflege_familien_versorgung_ausbau;pflege - familien - versorgung - ausbau - kinder - menschen - betreuung - pflegende - maßnahmen - angehörige;1.0;1.0;(7.0, 0.25, 25, 6)
 umgehende externe evaluation der vergabepraxis von spfbescheiden damit die zuteilung der  ressourcen dem tatsächlichen bedarf entspricht  weiterentwicklung der qualität pädagogischer  angebote für schülerinnen und schüler mit  behinderungen und barrierefreier bildungswege  sicherstellung organisatorischer personeller und  räumlicher voraussetzungen für diversitätsorientierten unterricht in der gesamten bildungskette  evaluierung und entsprechende weiterentwicklung der pädagoginnenbildung  öffnung der position der schulleitung an allgemeinen pflichtschulen für sonderpädagoginnen  und pädagogen  mehr ferienbetreuung und sommerunterricht für  jene die es brauchen um eltern zu entlasten  mehr förderstunden für schülerinnen und  schüler am nachmittag unter nutzung des  bestehenden systems der verpflichtenden  förderstunden   ausarbeitung eines konzepts als angebot für  die gemeinden zur verstärkten einbeziehung der  eltern in die sprachförderung aktive elternarbeit mama lernt deutsch  fachliche und pädagogische konzeption von  speziellen ferienangeboten sowie österreichweit  einheitliche angebotsumsetzung z  b  schwerpunktkurse praxiswochen unternehmenswo chen sprach sport und kulturangebote etc  mit sozial gestaffelten beiträgen in zusammenarbeit mit den ländern  schaffung eines schulpraktischen moduls für  lehramtsstudierende in den ferienmonaten mit  anrechnungsmöglichkeit auf das studium  flexibilisierungsmöglichkeit der arbeitszeit für  lehrerinnen und lehrer auf freiwilliger basis  sowie erarbeitung eines jahresarbeitszeitmodells für erzieherinnen und erzieher zur ermöglichung der ferienbetreuung schulorganisation verbessern  größtmögliche bündelung der bildungs  a genden  des bundes von der elementarpädagogik bis zur  hochschule sowie teilen der erwachsenenbildung  im bildungsministerium   evaluierung der bildungsdirektionen hinsichtlich  interner und externer kommunikation und verwaltung effizienz personalbedarf  schülerverwaltungsprogramme des bundes  weiterführen und weiterentwickeln um nutzerfreundlichkeit zu erhöhen und abfragen zu  vereinfachen  entwicklung einer integrierten edvlösung in  der verwaltung   reduktion der zahl von rundschreiben und  erlässen zugunsten eines konsolidierten webbasierten informationsmanagements  berufliche emailadressen für das gesamte  personal der bildungsdirektionen bereitstellen  und nutzen  transparente personalsteuerung  gemeinsam mit  den bundesländern umsetzung eines einheitlichen  systems zur sicherstellung des effektiven einsatzes  von pädagoginnen und pädagogen österreichweit  zügiger schuljahresbeginn etablierung eines rechtlich abgesicherten  verbindlichen und österreichweit einheitlichen  systems der an und abmeldungen von schülerinnen und schülern an den schulen sowie  vereinheitlichung der stichtage und schuleinschreibungstermine um einen zügigen schulstart zu gewährleisten  einführung eines bonussystems für schulen  die die nachprüfungen vollständig in der letzten  ferienwoche durchführen  etablierung eines gesamtheitlichen bildungsmonitorings durch zusammenführung relevanter datenquellen um wichtige bildungspolitische analysen  durchführen zu können unter wahrung sämtlicher  datenschutzrechtlicher standards  verstärkte zusammenarbeit mit statistik austria  und weiteren relevanten stakeholdern um synergien zu nutzen und rasche informations und  austauschprozesse sicherzustellen  entwicklung einer wertschätzenden konstruktiven  transparenten feedbackkultur gradfeedback zur qualitätssteigerung des unterrichts und  zur verbesserung der beziehungen sowie verpflichtende schulinterne evaluierung an jedem standort  die schulen baulich modernisieren  neuer schulentwicklungsplan unter berücksichtigung pädagogischer ziele klimagerechte ökologische standards  im schulbau bei sanierungen und neubauten in  abstimmung mit ländern und gemeinden wie dies  im pflichtschulbau umgesetzt werden kann  klare regeln für das zusammenspiel schule und  unternehmen einrichtung einer servicestelle die  bei fragen zum thema schulen und unternehmen  beratend zur seite steht z  b  bezüglich berufsinformation durch unternehmen prüfung der einrichtung von fonds für schulveranstaltungen bei den bildungsdirektionen damit soll  benachteiligten standorten geholfen werden die  kosten für schulveranstaltungen workshops ausflüge etc abzudecken  eventuell gespeist durch  regionale unternehmen;0.0;0_weiterentwicklung_schulen_hochschulen_pädagogen;weiterentwicklung - schulen - hochschulen - pädagogen - bereich - forschung - entwicklung - evaluierung - prüfung - pädagogischen;1.0;1.0;(7.0, 0.25, 25, 6)
 z b  brz co neutral betreiben betrieb durch     erneuerbare energie und intelligente  kühlsysteme  berücksichtigung von nachhaltigkeitskriterien  sowie eurechtlichen vorgaben zu datenschutz  durch technikgestaltung und datenschutzfreundliche voreinstellungen in vergabeverfahren insbesondere im bereich it hardware  software dienstleistungen  zugang zu rechtsinformation erheblich verbessern  indem das rechtsinformationssystem des bundes  ris zu einer intelligenten plattform ris weiterentwickelt wird die intelligente such aggregations und visualisierungsfunktionen bietet unter  beibehaltung der gebührenfreiheit einführung und weiterentwicklung eines nationalen  referenzrahmens der aufbauend auf dem eustandardmodell digcomp digitale fähigkeiten mess  und vergleichbar macht  die einrichtung einer kommission für ethische fragestellungen im bundeskanzleramt ist zu prüfen   unter berücksichtigung bestehender kompetenzen  z b  bioethikkommission robotikratkirat;4.0;4_digitale_digitalisierung_digitalen_verwaltung;digitale - digitalisierung - digitalen - verwaltung - berücksichtigung - bereich - unternehmen - prüfung - bürgerinnen - schaffung;1.0;1.0;(7.0, 0.25, 25, 6)
 die provenienzforschung sollte in zukunft im  bda angesiedelt sein;4.0;4_forschung_hochschulen_wissenschaft_wissenstransfer;forschung - hochschulen - wissenschaft - wissenstransfer - stärkung - entwicklung - ftistrategie - sollen - grundlagenforschung - weiterentwicklung;1.0;1.0;(7.0, 0.25, 30, 7)
 bürokratieabbau im vergabeverfahren unter  berücksichtigung des bestbieterprinzips  verfahrensbeschleunigung unter wahrung hoher  qualität  prüfung einer reform des verfahrensrechts im  avg allgemeines verwaltungsverfahrensgesetz  wurde seit  nicht mehr weiterentwickelt  digitalen bescheid ermöglichen kundmachungsvorschriften  fristen bei digitaler einbringung auf  uhr des  entsprechenden tages ausweiten flexibilisierung bei sachverständigen um bei  mangelnder verfügbarkeit zu lange wartefristen  künftig zu vermeiden  veröffentlichungspflicht in papierform in der wiener  zeitung abschaffen  lohnverrechnung vereinfachen   strukturelle vereinfachung der lohnverrechnung  bessere koordinierung der einzelnen player  finanzamt gebietskrankenkasse und gemeinden  harmonisierung der beitrags und bemessungsgrundlage so weit als möglich  reduktion der komplexität und dokumentationserleichterungen  prüfung der vereinfachung und reduktion von  ausnahme und sonderbestimmungen  verpflichtende anführung der dienstgeberabgaben am lohnzettel planungssicherheit und bürokratieabbau bei förderungen z  b  entscheidung über förderanträge  innerhalb definierter fristen objektive wirkungsziele abwicklungskooperationen von bund und  ländern  verhaltenswissenschaftliche erkenntnisse verstärkt nutzen um verwaltungsabläufe effizienter zu  gestalten und bürokratie zu reduzieren verhaltensökonomie  prüfung ob handelsübliche überbegriffe bei warenbezeichnungen z  b  obst gemüse bei den registrierkassen beibehalten werden können um vor allem  kleine und mittlere händlerinnen und händler zu  entlasten mögliche verlängerung der bestehenden  ausnahmen  normenwesen reformieren um hohe österreichische  standards beizubehalten z  b  konsumentenschutz  aber gleichzeitig unnötige mehrausgaben für unternehmen vermeiden  dienstleistungsscheck entbürokratisieren und  digitalisierenepus  kmus mehr als    d er heimischen unternehmen sind kleine  und mittlere unternehmen kmus die für den großteil der  arbeitsplätze in österreich verantwortlich sind  sie bilden  das rückgrat unserer wirtschaft und unseres wohlstands;2.0;2_digitale_digitalen_digitalisierung_verwaltung;digitale - digitalen - digitalisierung - verwaltung - berücksichtigung - unternehmen - bereich - schaffung - bürgerinnen - ermöglichen;1.0;1.0;(7.0, 0.25, 30, 7)
 die laufzeiten für die gewährung der marktprämien  werden generell auf  jahre ausgedehnt die errichtung von pvanlagen und das ziel  million  dächer mit photovoltaik auszustatten wird durch  folgende änderungen administrativ erleichtert   abbau von bürokratischen hürden bei bestehenden anlagen dazu gehört die ermöglichung der  erweiterung bestehender anlagen ohne dass  ein einspeisetarifverlust für die bisherige kapazität eintritt  vereinfachter netzzugang für anlagen bis  kw  ausweitung der leistungsbezogenen fördergrenzen  vereinfachung der rechtlichen rahmenbedingungen für pvanlagen  förderfähigkeit auch auf flächen außerhalb von  gebäuden mit besonderem fokus auf versiegelte flächen z  b  pranlagen parkplätze etc  und doppelnutzung  prüfung der tarifstruktur auf änderungsbedarf um  abzufedern dass unterschiedliche ausgangsbedingungen in bezug auf den nächsten verfügbaren  netzanschlusspunkt zu benachteiligungen bei den  kontrahierungen von erzeugungskapazitäten führen  erweiterung der möglichkeiten der gestaltung von  erneuerbaren energiegemeinschaften und bürgerenergiegemeinschaften für verstärkte dezentrale  energieversorgung und die stärkung von regionalen  versorgungskonzepten mit fokus auf gemeinnützigkeit und genossenschaftliche systeme lokale  mikronetze und speicherbetreiber etablierung  eines onestopshops zur beratung  ermöglichung einer unkomplizierten direktvermarktung bei eigenstromerzeugungen sofern das  öffentliche netz nicht benutzt wird  streichung der eigenstromsteuer auf alle erneuerbaren energieträger  forcierung der revitalisierung großer wasserkraftanlagenweiterentwicklung des   energieeffizienzgesetzes novellierung des energieeffizienzgesetzes auf basis der  folgenden grundsätze  einsparungen werden weiterhin mit einer kombination aus strategischen maßnahmen steuerrecht  ordnungsrecht förderungen und einer verpflichtung der energielieferanten einsparmaßnahmen zu  setzen erzielt;0.0;0_prüfung_maßnahmen_stärkung_umsetzung;prüfung - maßnahmen - stärkung - umsetzung - ziel - schaffung - einsatz - ausbau - evaluierung - rahmen;1.0;1.0;(7.0, 0.25, 30, 7)
aufgebrachte mittel fließen zur finanzierung von  energieeffizienzmaßnahmen in haushalte mit  besonderer berücksichtigung sozialer härtefälle   der ufi zu;0.0;0_prüfung_maßnahmen_stärkung_umsetzung;prüfung - maßnahmen - stärkung - umsetzung - ziel - schaffung - einsatz - ausbau - evaluierung - rahmen;1.0;1.0;(7.0, 0.25, 30, 7)
 schwerpunktsetzung im bereich digitalisierung  touristische unternehmen beim umstieg und  beim einsatz digitaler anwendungen unterstützen  verstärkt datenallianzen bilden zwischen einrichtungen im einfluss des bundes zur strategischen weiterentwicklung und gemeinsamen problemlösung im rahmen der aktuellen rechtlichen rahmenbedingungen  egovernmentservices ausbauen um bürokratische prozesse zu vereinfachen   rahmenbedingungen für einen engen sektorübergreifenden austausch schaffen  umsetzung einer digitalisierungsstrategie  flächendeckendes datennetz  nutzung der digitalisierung für entbürokratisierung   schulungen im direkt und plattformbetrieb  tourismusopendataleuchtturmprojekt der  öw  besondere berücksichtigung der regionalen schwerpunkte in der tourismusstrategie im sinne einer  zukunftsfitten tourismusstrategie die auch massentouristischen phänomenen entgegenwirken soll  stichwort overtourism  weiterentwicklung der österreich werbung  das öwnetz im ausland wird immer wichtiger  für das funktionieren des österreichischen  tourismussystems und um die marke urlaub  in österreich in die welt zu tragen um synergien zu nutzen sollen öw und awo zukünftig  ein weltweites netz für die österreichischen  destinationen und betriebe bilden;2.0;2_digitale_digitalen_digitalisierung_verwaltung;digitale - digitalen - digitalisierung - verwaltung - berücksichtigung - unternehmen - bereich - schaffung - bürgerinnen - ermöglichen;1.0;1.0;(7.0, 0.25, 30, 7)
 klares bekenntnis zum und einsatz für das österreichische unescoweltkulturerbe regionale schwerpunkte der   österreichischen außenpolitik  fortsetzung der außenpolitischen strategie österreichs mit schwerpunkt auf schlüsselregionen und  staaten sowie auf die großen herausforderungen  unserer zeit wie sicherheit klimawandel migration  und die weltwirtschaft   ausbau der strategischen partnerschaft mit den  vereinigten staaten von amerika  fortsetzung des österreichischrussischen  zivilgesellschaftlichen forums zur stärkung der  bilateralen beziehungen und des zivilgesellschaftlichen austauschs zwischen österreich  und russland sotschidialog   österreich trägt die sanktionen der eu gegen  russland im europäischen konsens mit bei  fortschritten bei der umsetzung der minsker  vereinbarungen sollte eine schrittweise aufhebung der sanktionen angedacht werden;0.0;0_prüfung_maßnahmen_stärkung_umsetzung;prüfung - maßnahmen - stärkung - umsetzung - ziel - schaffung - einsatz - ausbau - evaluierung - rahmen;1.0;1.0;(7.0, 0.25, 30, 7)
weiters ist es wichtig den gesundheits sowie pflegebereich stets gesamthaft zu betrachten ziel muss es  sein durch prävention und rehabilitation den anteil an  gesunden jahren zu erhöhen und somit pflegebedürftigkeit so lange wie möglich zu vermeiden grundprinzipien  die unterstützung von betreuungs und pflegebedürftigen menschen und ihrer an und zugehörigen  ist nicht nur aufgabe der familien selbst sondern  ein gesamtgesellschaftlicher auftrag;3.0;3_pflege_familien_versorgung_ausbau;pflege - familien - versorgung - ausbau - menschen - betreuung - maßnahmen - kinder - pflegende - angehörige;1.0;1.0;(7.0, 0.25, 30, 7)
weiters braucht es einen flächendeckenden ausbau von  qualitätsvoller kinderbetreuung in kindergärten zusätzlich sehen wir alternative betreuungsformen als sinnvolle  ergänzung für die wir einheitliche qualitätsstandards  und voraussetzungen festlegen wollen die förderung der  väterkarenz und des papamonats ist der bunderegierung  ein wichtiges anliegen;3.0;3_pflege_familien_versorgung_ausbau;pflege - familien - versorgung - ausbau - menschen - betreuung - maßnahmen - kinder - pflegende - angehörige;1.0;1.0;(7.0, 0.25, 30, 7)
familien in krisensituationen müssen die notwendige  hilfe erhalten und alleinerziehende und krisenpflegeeltern besser abgesichert werden ein lückenschluss  beim unterhaltsvorschuss soll sicherstellen dass eltern  nicht mit langwierigen verfahren belastet werden eine  zeitverwendungsstudie bezahlte vs unbezahlte arbeit  aufteilung familienarbeit familienkosten kinderkosten  wird durchgeführt kinder und jugendliche sollen zu eigenverantwortlichen  bürgerinnen und bürgern heranwachsen deshalb gilt  es aktive partizipation an gesellschaftlichen und demokratischen prozessen zu fördern und ihnen die dafür notwendigen instrumente in die hand zu geben wir wollen  aktive partizipation stärken das betriebsratswahlalter  auf  jahre senken sowie schüler lehrlings und jugendparlamente weiter aufwerten eigenverantwortung  ist jedoch auch im hinblick auf den umgang mit medien  und sozialen netzwerken von bedeutung die neben all  den sich bietenden chancen auch zunehmend zur gefahr  für kinder und jugendliche werden können hier gilt es  jugendliche zu sensibilisieren und den richtigen umgang  mit medien zu vermitteln;3.0;3_pflege_familien_versorgung_ausbau;pflege - familien - versorgung - ausbau - menschen - betreuung - maßnahmen - kinder - pflegende - angehörige;1.0;1.0;(7.0, 0.25, 30, 7)
 eigene schulungsmodule und begleitmaßnahmen angelehnt an die ausbildungspflicht sind  zu entwickeln;1.0;1_schulen_pädagogen_weiterentwicklung_elementarpädagogik;schulen - pädagogen - weiterentwicklung - elementarpädagogik - menschen - pädagogischen - bereich - lehre - weiterbildung - förderung;1.0;1.0;(7.0, 0.25, 30, 7)
 stärkung von freiwilligen hochqualitativen mentoringprogrammen an schulen und kindergärten  mit  dem ziel der stärkung von integration positiven  bildungswegen und gesellschaftlichem zusammenhalt  begabungen und kreativität fördern das erkennen  und fördern von speziellen begabungen werden  im rahmen der neuen lehrpläne als verbindliches  bildungsziel festgelegt und als bestandteil der  lehreraus und weiterbildung verankert;1.0;1_schulen_pädagogen_weiterentwicklung_elementarpädagogik;schulen - pädagogen - weiterentwicklung - elementarpädagogik - menschen - pädagogischen - bereich - lehre - weiterbildung - förderung;1.0;1.0;(7.0, 0.25, 30, 7)
 qualitative weiterentwicklung und attraktivierung der lehre mit reifeprüfung und die  erhöhung der zahl von absolventinnen und  absolventen  lehre nach matura verstärkt ermöglichen und  fördern z  b  duale akademie in oberösterreich  durchlässigkeit zwischen allgemeinbildung und  berufsausbildung sowie studienberechtigung  durch berufspraxis sicherstellen  prüfung einer modularisierung der berufsausbildung mit erweiterungsmöglichkeiten auch nach  der lehre  prüfung einer bildungsprämie für unternehmen  die in die effektive weiterbildung ihrer lehrlinge  sowie mitarbeiterinnen und mitarbeiter investieren  gezielte anwerbung von betrieben mit  zukunftstechnologien z  b  green jobs als  ausbildungspartner für das programm duale  akademie begleitende studien über ausbildungsverläufe  und ausbildungserfolge z  b  ursachen für lehrabbrüche negative abschlussprüfungsergebnisse und fortschrittskontrolle  berufsbildung aufwerten und berufsausbildungsgesetz modernisieren  überarbeitung der mehr als  bestehenden  lehrberufe mit hinblick auf digitale inhalte  mint sowie regionale und ökologische schwerpunkte  verpflichtende evaluierung und modernisierung  aller lehrberufe alle fünf jahre   lenkungsmaßnahmen erarbeiten um mehr  frauen in technische lehrberufe zu bringen  möglichkeit zur flexilehre für wiedereinsteigerinnen und wiedereinsteiger sowie betreuende angehörige prüfen  gesetzliche grundlage für höhere berufsbildung  schaffen die berufsbildung soll parallel zur höheren  allgemeinbildung ausgebaut werden bzw lehrlingsausbildung bei tertiären studien besser angerechnet  werden können;1.0;1_schulen_pädagogen_weiterentwicklung_elementarpädagogik;schulen - pädagogen - weiterentwicklung - elementarpädagogik - menschen - pädagogischen - bereich - lehre - weiterbildung - förderung;1.0;1.0;(7.0, 0.25, 30, 7)
studienbedingungen und studienwahl  novellierung des studienrechts zur novellierung  des studienrechts wird eine arbeitsgruppe aus  uniko öh und bmbwf zur gemeinsamen positionsentwicklung eingerichtet bestehende vorarbeiten  von uniko und öh sollen berücksichtigt werden ziel  dieser novellierung ist die weiterentwicklung eines  lebensnahen und leistungsbezogenen studienrechts das verbindlichkeit fordert und studierbarkeit fördert  zur senkung der dropouts und verkürzung  der studiendauer neuerungen sind jedenfalls bei  folgenden punkten notwendig  richtlinienkompetenz des rektorats bei überprüfung und neuerstellung von studienplänen  prüfung von maßnahmen zur steigerung der  verbindlichkeit im studium z  b  verpflichtendes  wahrnehmen von prüfungen  prüfung der regelungsdichte im studienrecht   prüfung eines modells für teilzeitstudierende  z b  gekoppelt an berufstätigkeit betreuungspflichten etc  grundlegende validierung der ectspunkte mit  angebotenen lehrveranstaltungsstunden unter  wahrung der grundsätzlichen bolognaidee z  b ;4.0;4_forschung_hochschulen_wissenschaft_wissenstransfer;forschung - hochschulen - wissenschaft - wissenstransfer - stärkung - entwicklung - ftistrategie - sollen - grundlagenforschung - weiterentwicklung;1.0;1.0;(7.0, 0.25, 30, 7)
 die umsetzung erfolgt in enger abstimmung mit  dem zuständigen ressort der statistik austria  sowie vertreterinnen und vertretern der wissenschaft z  b  plattform registerforschung;4.0;4_forschung_hochschulen_wissenschaft_wissenstransfer;forschung - hochschulen - wissenschaft - wissenstransfer - stärkung - entwicklung - ftistrategie - sollen - grundlagenforschung - weiterentwicklung;1.0;1.0;(7.0, 0.25, 30, 7)
eine staatliche verwaltung für das   jahrhundert mit den bürgerinnen  und bürgern im mittelpunkt  ausbau digitale verwaltung alle bürgerinnen und  bürger sowie unternehmen sollen nach möglichkeit  amtsgeschäfte digital abwickeln können unabhängig vom digitalen angebot muss ein behördenweg  auch weiterhin analog möglich sein;2.0;2_digitale_digitalen_digitalisierung_verwaltung;digitale - digitalen - digitalisierung - verwaltung - berücksichtigung - unternehmen - bereich - schaffung - bürgerinnen - ermöglichen;1.0;1.0;(7.0, 0.25, 30, 7)
